,07/2009:01/2015->01/2015:02/2020,07/2009:01/2015->01/2015:02/2020,07/2009:01/2015->01/2015:02/2020,07/2009:01/2015->01/2015:02/2020,07/2009:01/2015->01/2015:02/2020,07/2009:01/2015->01/2015:02/2020,07/2009:01/2015->01/2015:02/2020,07/2009:01/2015->01/2015:02/2020,07/2009:01/2015->01/2015:02/2020,07/2009:01/2015->01/2015:02/2020,07/2009:01/2015->01/2015:02/2020,07/2009:01/2015->01/2015:02/2020,07/2009:01/2015->01/2015:02/2020,07/2009:01/2015->01/2015:02/2020,07/2009:01/2015->01/2015:02/2020,07/2009:01/2015->01/2015:02/2020,07/2009:01/2015->01/2015:02/2020,07/2009:01/2015->01/2015:02/2020,07/2009:01/2015->01/2015:02/2020,07/2009:01/2015->01/2015:02/2020,07/2009:01/2015->01/2015:02/2020,07/2009:01/2015->01/2015:02/2020,07/2009:01/2015->01/2015:02/2020,07/2009:01/2015->01/2015:02/2020,07/2009:01/2015->01/2015:02/2020,07/2009:01/2015->01/2015:02/2020,07/2009:01/2015->01/2015:02/2020,07/2009:01/2015->01/2015:02/2020,07/2009:01/2015->01/2015:02/2020,07/2009:01/2015->01/2015:02/2020,07/2009:01/2015->01/2015:02/2020,07/2009:01/2015->01/2015:02/2020,07/2009:01/2015->01/2015:02/2020,07/2009:01/2015->01/2015:02/2020,01/2015:02/2020->02/2020:12/2023,01/2015:02/2020->02/2020:12/2023,01/2015:02/2020->02/2020:12/2023,01/2015:02/2020->02/2020:12/2023,01/2015:02/2020->02/2020:12/2023,01/2015:02/2020->02/2020:12/2023,01/2015:02/2020->02/2020:12/2023,01/2015:02/2020->02/2020:12/2023,01/2015:02/2020->02/2020:12/2023,01/2015:02/2020->02/2020:12/2023,01/2015:02/2020->02/2020:12/2023,01/2015:02/2020->02/2020:12/2023,01/2015:02/2020->02/2020:12/2023,01/2015:02/2020->02/2020:12/2023,01/2015:02/2020->02/2020:12/2023,01/2015:02/2020->02/2020:12/2023,01/2015:02/2020->02/2020:12/2023,01/2015:02/2020->02/2020:12/2023,01/2015:02/2020->02/2020:12/2023,01/2015:02/2020->02/2020:12/2023,01/2015:02/2020->02/2020:12/2023,01/2015:02/2020->02/2020:12/2023,01/2015:02/2020->02/2020:12/2023,01/2015:02/2020->02/2020:12/2023,01/2015:02/2020->02/2020:12/2023,01/2015:02/2020->02/2020:12/2023,01/2015:02/2020->02/2020:12/2023,01/2015:02/2020->02/2020:12/2023,01/2015:02/2020->02/2020:12/2023,01/2015:02/2020->02/2020:12/2023,01/2015:02/2020->02/2020:12/2023,01/2015:02/2020->02/2020:12/2023,01/2015:02/2020->02/2020:12/2023,01/2015:02/2020->02/2020:12/2023,02/2020:12/2023->12/2023:01/2026,02/2020:12/2023->12/2023:01/2026,02/2020:12/2023->12/2023:01/2026,02/2020:12/2023->12/2023:01/2026,02/2020:12/2023->12/2023:01/2026,02/2020:12/2023->12/2023:01/2026,02/2020:12/2023->12/2023:01/2026,02/2020:12/2023->12/2023:01/2026,02/2020:12/2023->12/2023:01/2026,02/2020:12/2023->12/2023:01/2026,02/2020:12/2023->12/2023:01/2026,02/2020:12/2023->12/2023:01/2026,02/2020:12/2023->12/2023:01/2026,02/2020:12/2023->12/2023:01/2026,02/2020:12/2023->12/2023:01/2026,02/2020:12/2023->12/2023:01/2026,02/2020:12/2023->12/2023:01/2026,02/2020:12/2023->12/2023:01/2026,02/2020:12/2023->12/2023:01/2026,02/2020:12/2023->12/2023:01/2026,02/2020:12/2023->12/2023:01/2026,02/2020:12/2023->12/2023:01/2026,02/2020:12/2023->12/2023:01/2026,02/2020:12/2023->12/2023:01/2026,02/2020:12/2023->12/2023:01/2026,02/2020:12/2023->12/2023:01/2026,02/2020:12/2023->12/2023:01/2026,02/2020:12/2023->12/2023:01/2026,02/2020:12/2023->12/2023:01/2026,02/2020:12/2023->12/2023:01/2026,02/2020:12/2023->12/2023:01/2026,02/2020:12/2023->12/2023:01/2026,02/2020:12/2023->12/2023:01/2026,02/2020:12/2023->12/2023:01/2026
Ticker,Aircraft,Almost Nothing,Apparel,Automobiles and Trucks,Banking,Business Services,Chemicals,Communication,Computers,Construction,Construction Materials,Consumer Goods,Electrical Equipment,Electronic Equipment,Entertainment,Food Products,Healthcare,Insurance,Machinery,Measuring and Control Equipment,Medical Equipment,Personal Services,Petroleum and Natural Gas,Pharmaceutical Products,Precious Metals,Real Estate,Recreation,"Restaurants, Hotels, Motels",Retail,Steel Works Etc,Trading,Transportation,Utilities,Wholesale,Aircraft,Almost Nothing,Apparel,Automobiles and Trucks,Banking,Business Services,Chemicals,Communication,Computers,Construction,Construction Materials,Consumer Goods,Electrical Equipment,Electronic Equipment,Entertainment,Food Products,Healthcare,Insurance,Machinery,Measuring and Control Equipment,Medical Equipment,Personal Services,Petroleum and Natural Gas,Pharmaceutical Products,Precious Metals,Real Estate,Recreation,"Restaurants, Hotels, Motels",Retail,Steel Works Etc,Trading,Transportation,Utilities,Wholesale,Aircraft,Almost Nothing,Apparel,Automobiles and Trucks,Banking,Business Services,Chemicals,Communication,Computers,Construction,Construction Materials,Consumer Goods,Electrical Equipment,Electronic Equipment,Entertainment,Food Products,Healthcare,Insurance,Machinery,Measuring and Control Equipment,Medical Equipment,Personal Services,Petroleum and Natural Gas,Pharmaceutical Products,Precious Metals,Real Estate,Recreation,"Restaurants, Hotels, Motels",Retail,Steel Works Etc,Trading,Transportation,Utilities,Wholesale
Factor,,,,,,,,,,,,,,,,,,,,,,,,,,,,,,,,,,,,,,,,,,,,,,,,,,,,,,,,,,,,,,,,,,,,,,,,,,,,,,,,,,,,,,,,,,,,,,,,,,,,,,
Alpha,-0.0025392861005860004,0.010925698834249,-0.005014127207738901,-0.0030633732162478004,0.0050436369517004,0.0058124076349241,-0.0053461001667737,-0.0020980342917059002,0.0048756361795544,0.0039233665032978,-0.0026848414978268,-0.002541256163779,0.0008644981176512411,0.00016894639466430005,-0.0089951439948694,-0.0057010062819250005,-0.0116962706371355,0.0039522519737574,0.0058336642712217,0.0005387249286065002,0.0008345059353530001,0.0026426512334041,0.00016083541974320006,-0.0105939882051926,0.0157081057293008,-0.009768221952543999,-0.0033191193580724,-0.0025863543959691,-7.523090300020014e-05,0.0106212926479906,0.0021994902468465,-0.004936499494719,-0.0034960849501617,-0.0101949845316578,-0.0013480913395420993,-0.0070278616050169,-0.0104328826336959,0.0219522480525947,-0.0049702752560602,-0.0018803767823079003,0.0007320145557144003,-0.0095129718002254,-0.0004831129910372999,0.0035852809217145,0.0041717329844892,-0.0096190264055847,-0.0017466828890536,0.006307335805186,-0.0025810456632643,-0.0055469767691953,0.00021498187931280003,-0.0023128112028054,0.0014781121255979,-0.0021949848249793002,-0.0082046423990549,-0.0016965985061455,0.014149893088718099,0.0002683121955138002,-0.0197762760150461,-0.0032800785221846,-0.0091116351548365,-0.0073037477244440995,-0.00034057754343129985,0.011001078544269901,-0.0057388364747054,0.0028839618952319,-0.0067292639245361,0.006100399531186,0.021208112629885402,-0.0115021515706216,-0.007467397852127898,0.0047871548029308,0.007639135728820299,-0.0065513178647066,-0.011689368926704701,0.005451937189358801,0.0090113138512746,0.0011215327843244003,-0.0043796110798935,0.0005657708302585999,0.0082764506959883,0.007413544833936799,-0.0033064807792655003,0.0008104467784447004,-0.008214689336143898,-0.0198820275351172,0.0022493875868188,-0.0040723849792983,-0.0096280366871558,-0.012034622131866301,-0.0153614855735778,-0.0076065797866441,0.0417476898805439,0.0067307121990556,0.0203303571721436,-0.0027722925010205002,-0.0008896456787729999,-0.007989208114203901,0.0034188797104857,-0.0086142792121171,0.0095211716494377,-0.0061978410748139
CMA,-0.2926138864647242,0.8825955444199587,0.6461068514406757,-0.1694237020959474,-0.4518137452245941,-0.2077483959286862,1.116972237943819,0.1711128572320042,0.700571526748625,-1.2232601783134842,-0.5139281432790908,0.2826628213603624,-0.19413380889326362,-0.5304815598865916,0.06882525213154234,-0.006653013359821602,0.15205006894831485,0.035893852536278206,0.33280547405985383,0.2043900583983697,0.47872288823781867,-0.1871591566110484,1.717144987218579,0.11565586806143452,6.834223710849516,-0.444282204755747,0.3495991442515318,0.43954240415074375,-0.5745804679434339,1.1498964616437188,0.23596937731374817,0.1136463936690838,0.16476891533687854,0.6889642779060149,-0.529307171145326,-0.8095741933753062,0.30562905039087856,-0.46508720653681623,0.1718551894917172,0.3437805012706752,0.20124970327629232,-0.7413536533531593,0.6641948803999795,0.25681943057576695,-0.3644920600952497,-0.1088602490398346,-0.656233180751029,1.3848074062208928,0.22345622345586724,0.18204624512643808,-0.26100818575229623,-0.1468978275780203,-0.109358410072625,0.3508501159967679,-0.18074252875944985,-0.2477212429536102,-1.0389705393954207,0.2731366249908838,-3.086354350740809,-0.23989616754740578,-0.2344623071796611,-0.3105457675571102,0.09715967797223139,-0.6456319313133531,-0.25913936550044747,-0.5416272240176184,-0.4227635532657008,-0.8620330571501064,0.20073318596480702,-0.3243851238032293,0.7484558252402639,0.33967554449129295,0.5368731949684444,0.40891853366556596,-0.2687040645903682,0.35858357768924404,0.1167787348778068,0.1386192496573404,0.13826701610526487,-0.23221411813108322,0.9176775913170783,0.2809483027470037,1.1148764056702085,-0.44810143020951154,-1.045180979043982,-0.6933546642333629,0.158404965587545,-1.0839194738678954,-0.6250493893468463,0.44956502559108025,-0.1260259930086215,-1.4608770411936196,-1.791324138776793,0.6318808744131803,0.8029599785496215,0.9292328005940746,-0.2577559461914328,-0.3977595616777326,0.1400748834674074,0.867825480735335,-0.7662588753376678,-0.3561748701835711
HML,-0.14386576730816059,-0.6867576861854165,0.048289485044036996,0.4272519688750692,0.26851036657727034,0.02676230254647599,-0.11891502698475226,0.007718402544167058,-0.36747671499444756,0.122954081699445,-0.0535167298544648,-0.44022512102857797,0.13030270116117149,-0.1283310194583948,-0.5470943058567611,-0.04120716291543358,-0.48322107071375764,-0.018211375272056907,0.2064153045336889,-0.12505399492294342,-0.614316617950384,0.015148450084750104,-0.0900818653127205,0.07932717137443401,-2.483561139134851,0.04088738410867279,0.35352000265176836,-0.2033553131863616,-0.023171453437500877,0.10055856363390397,-0.2275949469434165,-0.031493636129634,-0.08867206034289288,-0.25420985562983367,0.6647435579222309,0.4925334722388468,-0.4085258475289443,-0.7068619069083254,-0.11970644881378834,-0.0883549540382873,-0.11720974647922741,0.44999726645872923,-0.3576894613510095,0.09654884031400018,0.2633550242491852,0.1410485953984943,-0.040668191140802695,-0.5817180366502995,0.1656841018365425,0.1600727613003256,0.3618991812142077,0.14036214023913574,-0.0477793935163312,-0.007455481818227194,0.6374609062294518,0.10632310435556828,0.9065298342005472,0.07222903219920568,1.5182962633713606,0.42218967505402066,-0.4520257118797803,0.2103902370078646,-0.020558837553389497,0.10199086026756748,0.3589055900071746,0.32077123108375677,0.570237272285933,0.4727955283116959,-0.45431750342447674,0.9595739126535616,-0.5034023206930374,-1.72029092584725,-0.3030061292373506,-0.31655178908181414,0.5423716097804382,0.5086231747312813,-0.17196269557071822,0.041992764323207116,0.2293113960811835,0.6476227781920609,-0.6362777193192002,-0.341344254797021,-0.4725397710148518,0.6939163370881848,1.7503254524509801,0.7570332618758842,-0.1022941379440579,0.5361676149859255,1.0256746756389237,0.38420583118647955,-0.10777802939415393,1.6417632560807776,2.353935864001146,-0.009886765317134394,0.384738050978578,0.1322607070330695,0.10697075462989869,0.5093418111300877,0.0688732066704752,-0.13042437644118307,0.2654128748000657,0.46051939922240037
Mkt-RF,-0.009963928387381582,-0.031730897418524195,-0.23492129574688458,-0.2330765916930413,0.04451245396178294,-0.12640816362160878,-0.1874262511566709,0.10615673787952096,-0.2081200947099615,-0.13463915300818752,0.011074549310400528,-0.052561720627146924,-0.04829708761631468,-0.119080871172488,-0.17300091751442803,0.09095932951239938,0.23323869221133575,-0.13940032900726396,-0.2897185766882586,0.026254067367625478,0.19226903636639303,-0.367192721232687,0.11317000782606401,0.17503937361175026,0.11866442859250959,0.0020883137469551727,0.4400835561396751,0.0357260321763051,0.07853805324056062,-0.1632313926821567,-0.28342544294704297,0.03827424933260826,0.03920228942273296,0.2123267628379354,-0.2025388783367884,0.02844615343574619,0.30090653652964006,0.7323043916522372,-0.13566357072352087,0.08678423209416164,-0.1027781821164826,-0.024712482964988403,-0.2789220531816746,0.43907973133888156,-0.20697178446941278,-0.09750487858970358,-0.12810201946072763,0.15276759889024616,0.06886615910476701,-0.08456994113868821,-0.2236533648476755,-0.17078012858510339,-0.12534468976736513,-0.138924505765875,-0.025240580601626816,0.31678646588902726,-0.030579368197368062,-0.2691623072957192,0.5242518246342589,-0.13026658145076841,-0.5088220866209502,0.2824011999766377,0.03894411354613647,-0.12927162140149306,0.2900996719983501,-0.0025156816518370206,0.2336893510648982,-0.10624634452729254,-0.1616839813738451,0.11281387758291517,-0.1569389208591353,-1.4034422357812815,-0.03748354908787277,0.019042683027126195,-0.04423839425480147,-0.06985731078078605,0.22691215152523647,-0.10260861458507287,-0.023092473941767055,0.18546020014343634,0.08525202137230004,-0.06977657201839826,-0.08888946880587589,-0.37652628239505037,0.3674259832209952,0.19829101021689344,0.2652447881908784,-0.09434375800344919,0.06081310730686673,0.13354711620742776,-0.3620186437881948,0.16799034684024816,-0.8215956175148269,-0.10721231719902535,-0.10171704964157435,-0.3118301150942475,0.05811911700587857,0.1704334464968531,-0.0466579488705533,0.0040969192566362445,-0.20256907351652276,-0.14842780805467237
RMW,0.0426508597738916,-0.3974097523251613,0.03808421065735579,0.2739237131105935,-0.22221278210478068,-0.3233019751147056,0.0457289699008671,0.30030645189433736,0.2764209439642164,1.3816565566732146,0.4273061593528316,-0.18199299401052732,0.1502407204442586,-0.19897917109355812,0.06694227466873498,0.42404686278801285,-0.2806406203219263,0.12841663741308101,0.1539406808193013,0.4033676901998447,0.05657525818054909,0.3679440125733756,-0.7096259875218092,0.007936204971848715,0.7613795209822127,0.5595160682501663,-0.3189985713176037,-0.4196111317518471,-0.1113471727650644,0.25525328394467073,0.24033306121301973,-0.14451859481185012,0.2502712138596307,0.1081771444374118,0.20078973784572782,-0.135786828076533,-0.21014109469921483,-0.3388131516455255,0.49694823063949534,0.17934554493012242,0.1785138279610609,-0.6698199412065479,0.04012827401628516,0.4381491799494974,0.3571767641891348,0.45795385432834307,0.23291322552874683,-0.5015050580396987,-0.2926298037705301,-0.29940685454851146,0.33093322777763823,0.4994641015096217,0.004571348944747894,0.010897435419074508,0.0748000420026847,-0.2728794134768497,0.07769578130007598,0.68599427082293,-0.3999228876369262,-0.3446910630722554,-0.10436377529319552,0.0326766638679587,-0.4176312919123958,-0.0644025612619904,-0.1211373690462825,-0.2179915129594947,-0.5835805430605964,0.2624756615938057,0.009792597856935203,0.2217728058597248,-0.006638023930790049,0.710846530432371,-0.2075419608071226,-0.0484928785155318,0.2758027429743012,0.3275470888044546,-0.586873576772899,-0.7678498477122928,-0.9212695909488238,-0.26904173660409925,-0.810983341754929,0.1461327680085478,0.14357144973963454,0.10865044915953087,-0.9165501030907989,0.40498762760111295,-0.4790636506217437,-0.3525274520720744,-0.0637038300855545,0.25581512837411996,0.8554919888393953,-0.5198829604543742,0.3848219999496883,-0.0282585261900025,-0.5092393962311917,-0.5139187256454303,0.1569911717864346,-1.042660146024013,0.055735022880143203,-0.19527806288506241,0.6075221324262033,-0.5707503538268442
SMB,0.0898329216990478,-0.3520933639295758,-0.017957100037652773,-0.22805011594309738,0.07669471867174418,-0.1316260037385594,0.6462804805408815,-0.06429750981392848,-0.0027368080443162038,0.039231115085341384,0.183798648041879,0.091483111238741,-0.08038628082073063,0.0888031870523364,-0.3418500610668358,-0.1028537517437979,-0.264524980549357,0.0061143149992421994,-0.024963204356685365,-0.17411939039574872,0.23235684784768368,-0.3563255566156175,0.3181379139098627,0.4819055910085071,-0.6044093834345927,-0.0011251358272079681,-0.6935750164882215,-0.5832405843322515,0.026972057356297402,0.3833391691111238,0.0804373797289605,0.1326184321725669,-0.1746457426631656,0.22761968644546743,0.5572868809235936,-0.0237676407344167,-0.28297809874300595,0.2668765441642459,0.3115595118052604,0.1356097367850663,-0.19479095112545733,0.13397458704882448,0.3305644921802139,0.08103785470665265,0.022761398558899915,0.3440960603301567,0.1385626005706827,-0.1390898082546075,-0.0514991919997877,0.2691269236965521,0.4539616594159811,-0.1129042426759144,-0.039204209966583914,-0.0532442724441306,-0.1203336464238546,-0.06900749226184699,-0.20872041472527308,0.11522587799895019,-0.4115975537518565,0.3883209799214337,1.335802749025246,0.48599621004038596,-0.1257966170197001,-0.20883826906313574,0.029162466451400103,-0.276051372685891,-0.178429599830164,-0.17485122673989642,-0.3728949396030058,-0.2996255130940991,0.6010835560409016,1.8082914825558691,-0.08732656004303499,0.05919756138766269,0.031228418408142417,-0.249472031968216,-0.1822099794514086,0.5903208237149207,0.08679715021913859,-0.375498670092005,0.1192248122111792,0.1132339618470995,-0.3684656056499832,0.1117648831507206,-0.6844032891616676,-0.09981272131663858,-0.3054710583023879,0.2609990646286554,-0.4689488442735068,-0.17925273051139762,-0.3233502398262564,-0.856513038583467,0.5916901564232796,0.27261867333628265,-0.33354637772887186,-0.4300777555082177,0.318408873250444,-0.5438804416986587,0.18618264804773918,0.0665066771487633,0.5184549869295823,-0.07017152105871399
Mean beta changes,0.11578547272664115,0.47011744885572726,0.19707178858532118,0.26634521834354974,0.21274881330803447,0.1631693681900072,0.42306459330539814,0.1299183918727916,0.3110652176923133,0.5803482169559345,0.2379248459677333,0.20978515365307113,0.1206721197871478,0.21313516173267377,0.23954256224766043,0.13314402406389308,0.2827350865489383,0.06560730184558446,0.20156864809155764,0.18663704025690642,0.3148481297165656,0.25875397942349576,0.589632152357807,0.17197284180559494,2.160447636598737,0.20957982133774986,0.4311552581697601,0.3362950931195018,0.16292184094857143,0.41045577420311474,0.21355204162923758,0.09211026122314861,0.14351204432506012,0.29825954545133265,0.43093324523473325,0.2980216575721698,0.30163612557833674,0.5019886401814301,0.2471465902947564,0.16677499382366257,0.15890848219170411,0.4039715862064498,0.33429983222583254,0.26232700737695974,0.24295140631237647,0.22989272753730647,0.23929584349039779,0.551977581611149,0.16042709603349892,0.1990445451621031,0.3262911238015597,0.21408168811755912,0.06525161045353063,0.11227436228881507,0.20771554080341356,0.20254354378738046,0.4524991875637371,0.28314962266153776,1.1880845760270422,0.3050728934091768,0.5270953259997666,0.26440201568999144,0.14001810760077066,0.23002704866150797,0.21168889260073093,0.2717914044797196,0.3977400639014585,0.3756803636645594,0.23988444164461398,0.383634246598706,0.4033037293528256,1.196509343821613,0.23444627882876506,0.17044068913554017,0.23246904600161028,0.3028166367947964,0.25694742763961387,0.3282782599985668,0.27974752545923554,0.34196750063253695,0.5138830971949373,0.19028717188361405,0.4376685401761108,0.3477918764005996,0.9527771613936847,0.4306958570487784,0.2620957201293226,0.46559147271159995,0.4488379693303396,0.28047716637410103,0.35493297897132436,0.9294053286304973,1.1886735553331467,0.20997143129112503,0.4264401706259675,0.4634640207750079,0.17964917257281773,0.5328150814054691,0.09950474198726367,0.252826303293396,0.47204358860200835,0.3212087904692404
