Ticker,,Aircraft,Almost Nothing,Apparel,Automobiles and Trucks,Banking,Business Services,Chemicals,Communication,Computers,Construction,Construction Materials,Consumer Goods,Electrical Equipment,Electronic Equipment,Entertainment,Food Products,Healthcare,Insurance,Machinery,Measuring and Control Equipment,Medical Equipment,Non-Metallic and Industrial Metal Mining,Personal Services,Petroleum and Natural Gas,Pharmaceutical Products,Precious Metals,Real Estate,Recreation,"Restaurants, Hotels, Motels",Retail,Steel Works Etc,Trading,Transportation,Utilities,Wholesale,Aircraft,Almost Nothing,Apparel,Automobiles and Trucks,Banking,Business Services,Chemicals,Communication,Computers,Construction,Construction Materials,Consumer Goods,Electrical Equipment,Electronic Equipment,Entertainment,Food Products,Healthcare,Insurance,Machinery,Measuring and Control Equipment,Medical Equipment,Non-Metallic and Industrial Metal Mining,Personal Services,Petroleum and Natural Gas,Pharmaceutical Products,Precious Metals,Real Estate,Recreation,"Restaurants, Hotels, Motels",Retail,Steel Works Etc,Trading,Transportation,Utilities,Wholesale,Aircraft,Almost Nothing,Apparel,Automobiles and Trucks,Banking,Business Services,Chemicals,Communication,Computers,Construction,Construction Materials,Consumer Goods,Electrical Equipment,Electronic Equipment,Entertainment,Food Products,Healthcare,Insurance,Machinery,Measuring and Control Equipment,Medical Equipment,Non-Metallic and Industrial Metal Mining,Personal Services,Petroleum and Natural Gas,Pharmaceutical Products,Precious Metals,Real Estate,Recreation,"Restaurants, Hotels, Motels",Retail,Steel Works Etc,Trading,Transportation,Utilities,Wholesale,Aircraft,Almost Nothing,Apparel,Automobiles and Trucks,Banking,Business Services,Chemicals,Communication,Computers,Construction,Construction Materials,Consumer Goods,Electrical Equipment,Electronic Equipment,Entertainment,Food Products,Healthcare,Insurance,Machinery,Measuring and Control Equipment,Medical Equipment,Non-Metallic and Industrial Metal Mining,Personal Services,Petroleum and Natural Gas,Pharmaceutical Products,Precious Metals,Real Estate,Recreation,"Restaurants, Hotels, Motels",Retail,Steel Works Etc,Trading,Transportation,Utilities,Wholesale,Aircraft,Almost Nothing,Apparel,Automobiles and Trucks,Banking,Business Services,Chemicals,Communication,Computers,Construction,Construction Materials,Consumer Goods,Electrical Equipment,Electronic Equipment,Entertainment,Food Products,Healthcare,Insurance,Machinery,Measuring and Control Equipment,Medical Equipment,Non-Metallic and Industrial Metal Mining,Personal Services,Petroleum and Natural Gas,Pharmaceutical Products,Precious Metals,Real Estate,Recreation,"Restaurants, Hotels, Motels",Retail,Steel Works Etc,Trading,Transportation,Utilities,Wholesale
date Range,,Entire Period,Entire Period,Entire Period,Entire Period,Entire Period,Entire Period,Entire Period,Entire Period,Entire Period,Entire Period,Entire Period,Entire Period,Entire Period,Entire Period,Entire Period,Entire Period,Entire Period,Entire Period,Entire Period,Entire Period,Entire Period,Entire Period,Entire Period,Entire Period,Entire Period,Entire Period,Entire Period,Entire Period,Entire Period,Entire Period,Entire Period,Entire Period,Entire Period,Entire Period,Entire Period,07/2009:01/2015,07/2009:01/2015,07/2009:01/2015,07/2009:01/2015,07/2009:01/2015,07/2009:01/2015,07/2009:01/2015,07/2009:01/2015,07/2009:01/2015,07/2009:01/2015,07/2009:01/2015,07/2009:01/2015,07/2009:01/2015,07/2009:01/2015,07/2009:01/2015,07/2009:01/2015,07/2009:01/2015,07/2009:01/2015,07/2009:01/2015,07/2009:01/2015,07/2009:01/2015,07/2009:01/2015,07/2009:01/2015,07/2009:01/2015,07/2009:01/2015,07/2009:01/2015,07/2009:01/2015,07/2009:01/2015,07/2009:01/2015,07/2009:01/2015,07/2009:01/2015,07/2009:01/2015,07/2009:01/2015,07/2009:01/2015,07/2009:01/2015,01/2015:02/2020,01/2015:02/2020,01/2015:02/2020,01/2015:02/2020,01/2015:02/2020,01/2015:02/2020,01/2015:02/2020,01/2015:02/2020,01/2015:02/2020,01/2015:02/2020,01/2015:02/2020,01/2015:02/2020,01/2015:02/2020,01/2015:02/2020,01/2015:02/2020,01/2015:02/2020,01/2015:02/2020,01/2015:02/2020,01/2015:02/2020,01/2015:02/2020,01/2015:02/2020,01/2015:02/2020,01/2015:02/2020,01/2015:02/2020,01/2015:02/2020,01/2015:02/2020,01/2015:02/2020,01/2015:02/2020,01/2015:02/2020,01/2015:02/2020,01/2015:02/2020,01/2015:02/2020,01/2015:02/2020,01/2015:02/2020,01/2015:02/2020,02/2020:12/2023,02/2020:12/2023,02/2020:12/2023,02/2020:12/2023,02/2020:12/2023,02/2020:12/2023,02/2020:12/2023,02/2020:12/2023,02/2020:12/2023,02/2020:12/2023,02/2020:12/2023,02/2020:12/2023,02/2020:12/2023,02/2020:12/2023,02/2020:12/2023,02/2020:12/2023,02/2020:12/2023,02/2020:12/2023,02/2020:12/2023,02/2020:12/2023,02/2020:12/2023,02/2020:12/2023,02/2020:12/2023,02/2020:12/2023,02/2020:12/2023,02/2020:12/2023,02/2020:12/2023,02/2020:12/2023,02/2020:12/2023,02/2020:12/2023,02/2020:12/2023,02/2020:12/2023,02/2020:12/2023,02/2020:12/2023,02/2020:12/2023,12/2023:01/2026,12/2023:01/2026,12/2023:01/2026,12/2023:01/2026,12/2023:01/2026,12/2023:01/2026,12/2023:01/2026,12/2023:01/2026,12/2023:01/2026,12/2023:01/2026,12/2023:01/2026,12/2023:01/2026,12/2023:01/2026,12/2023:01/2026,12/2023:01/2026,12/2023:01/2026,12/2023:01/2026,12/2023:01/2026,12/2023:01/2026,12/2023:01/2026,12/2023:01/2026,12/2023:01/2026,12/2023:01/2026,12/2023:01/2026,12/2023:01/2026,12/2023:01/2026,12/2023:01/2026,12/2023:01/2026,12/2023:01/2026,12/2023:01/2026,12/2023:01/2026,12/2023:01/2026,12/2023:01/2026,12/2023:01/2026,12/2023:01/2026
Statistic,Factor,,,,,,,,,,,,,,,,,,,,,,,,,,,,,,,,,,,,,,,,,,,,,,,,,,,,,,,,,,,,,,,,,,,,,,,,,,,,,,,,,,,,,,,,,,,,,,,,,,,,,,,,,,,,,,,,,,,,,,,,,,,,,,,,,,,,,,,,,,,,,,,,,,,,,,,,,,,,,,,,,,,,,,,,,,,,,,,
Beta,Alpha,-0.0003216704398450694,0.002599377552741501,-0.003243298577829694,0.002423438012474698,-0.0005591877302113371,0.001290863619114677,-0.0036617758087130036,-0.0024367899532269518,-0.0022891494365644984,-9.383077206724198e-05,-0.00027365397723785537,-0.0026131686733659853,0.0004525246504282525,0.005301543867687169,0.004033107541623222,-0.0003160994579941727,-0.002045479940478461,0.0008157591541786044,0.0007907105242717991,0.0008460904563773039,-0.0008584453652172935,-0.0015350283263780523,-0.001492714619140819,-0.004013389551119745,0.00242788340699473,0.003372379100068637,-0.0012462644017651751,-0.004821281467754078,0.0009505497974678926,0.0023912510045455155,-0.004139318759744377,-0.0006732358232035969,-0.0026127008660155634,0.000992085234344769,0.0005048167568406952,-0.0019379475691550117,-0.0023925929185444153,0.006994644726994954,0.0013335164510087725,-0.003339982846755763,-0.0009546909778310097,0.0017889017726143409,0.0011294810342944888,-0.007254095160950477,-0.0036137588289831698,-0.00020049710670056608,0.0008658582096952057,3.1341278285858885e-05,0.0029139307353153307,0.012427835397449244,0.00463636183833011,0.0037776220047576,-0.0004813389526875718,-0.0044766433976204945,0.0008310697486264031,0.0014745030958576051,-0.022218795579934596,-0.0013660943628830571,-0.007157953259070245,0.008271381748755706,-0.0019264443329942412,0.005620202538731292,-0.003179421974533008,0.006240822724995435,0.002553862071938592,-0.015244853630054692,-0.0003556923102722097,0.0010040112893941432,0.004091389944884042,0.00541909815930178,-0.004477233669741069,0.008533105915704619,0.0019805175192560837,-0.0017298567652391857,0.0017036541049447352,0.004857716657093142,-0.003557198394159456,-0.0009685532574115924,-0.002378458981396032,0.0003096076743147662,-0.0028853386045273248,-0.0016753979540838832,0.0008958393959371556,0.0030828771299796546,0.0034326914025798426,-0.0010646444435949297,-0.00791864863237796,0.003470913021069942,0.001357020873601358,0.0013697946772329654,0.0023090090312106446,-0.0008664958198388346,0.0012765568705211,-0.00699711783932707,-0.002322606456436978,0.013781661396306643,-0.004148019413812862,-0.006498541332605479,0.003654468329026398,0.0024786311689383583,-0.004623560982064084,0.0018437979365743776,-0.003932488205324955,0.0005953049947223942,-0.0047758863723561884,-0.005825325009283106,0.001505244310687761,-0.008452365114439976,0.020222391287355652,-0.003266621151115518,0.002977339874785285,-0.0028251838384450493,-0.010481525057636954,-0.002861571972433364,0.003894888596029209,0.0012863943799619926,-0.011294424359668593,-0.0008508434931165328,0.009390212935165634,0.0008516457393155771,-0.006611621212790263,-0.007703666753065127,0.00115810181826458,0.002835132999199236,-0.0008251901477464773,-0.00589563336784437,0.013622825678925405,-0.00042004163562442024,0.00715277524939113,-0.002054294260923192,-0.005994614618739595,-0.007428097935997433,-0.015610176487441932,-0.0036492793954178517,0.0021380536255070975,0.00637751756220597,-0.003895038538131113,-0.0010485263100930566,-0.006133958929813895,0.0013245131588299252,0.015382787620602354,-0.00999690725993399,-0.01591976296656789,0.025009546090286418,0.004372514577704883,-0.0035739779899214433,-0.014514552765149753,-0.005029587868278178,0.006149741878841361,0.005016421380353691,-0.0030932166999316293,-0.010728653529409906,0.007425607202871822,0.01680375776910247,-0.0024548350399500214,-0.005801174434345578,-0.01591835608920903,-0.018723925716852774,0.005084520586018085,-0.0048975751270447536,-0.015523670055000122,0.018275364163244705,-0.012454663767490796,-0.008208710324186736,-0.00966087404756729,0.035753075261804435,-0.0006973857369418201,0.004720180684701795,-0.006421571896438395,0.0012484079467340301,-0.0016116905519980881,-0.0004761588276454022,-0.009662805522210159,0.0033872127196239673,-0.0048733279159840865
Beta,CMA,-0.03187015118159749,0.044073728031676404,0.3571287944327987,-0.6300066015330362,-0.34207884675473976,-0.3174256598558209,0.10802723591658506,0.4905346368651884,-0.10824878363748403,-0.17871411569646106,-0.21946939572969756,0.5019916573168011,-0.10593822912699123,-0.18474151641061476,-0.44776579959471785,0.5906693693782487,0.44931322341850044,0.024468372932947017,0.028370509759349752,0.029802158363248468,0.32775423047468466,0.5309103269388973,-0.054187636013561316,0.32711961531340944,0.41059786681166444,0.8274644479251129,-0.46701274990193054,0.09161073727364244,0.07203928419584532,-0.05948301312709855,0.04606962233303036,-0.058492928757466735,0.12135215344816216,0.3054605587398578,0.10048796244032744,0.623354719591549,-0.13401797661329995,-0.6164149045377741,-0.17770984271572635,-0.07260606105322862,-0.4477798038898907,-1.0217660332241314,0.8442061827378766,-1.189518354020037,0.7410138378988901,0.4387269381315366,0.3793331573226863,0.36584808421757437,-0.701040202930847,-0.9657001971990812,0.5771264793116921,0.6821272982936482,0.07803079348529263,-0.26936307562935596,-0.26364562199984737,0.16500851226488647,-0.08538014864748503,0.1046767626616097,-0.4027953213700076,0.3819518507033425,-2.534890970342046,-0.006257021070069926,0.0731221265616254,-0.15885596796352064,0.4073971575986002,-0.4230582280202052,-0.11535597556365662,0.2422877539624479,0.5740197029548018,0.16292071707410882,0.3307408331268248,0.7485775678066587,0.029691946902901632,-0.34713354481167374,-0.5244198062778227,-0.6555281998185769,0.09520620471968752,1.0153190399698808,-0.48894682727141203,-0.4822463404145941,-0.0752012051475541,0.6619959786830487,0.17171427532431074,-1.2315217628174386,-0.8968749450675388,0.5704734659518705,0.834177367241963,0.11392464602157082,0.06344239843049791,-0.059255563601477684,0.643731400502705,1.7536158837762708,-0.0824823939494387,1.3143496658485716,0.49760771876477705,4.29933274050747,-0.45053922582581696,0.42272127081315725,0.2806864361872231,-0.1671833103448337,0.7268382336235137,0.12061340175009166,0.3559341476315317,0.7387886182916803,0.8518849949801237,-0.19856633801850126,-0.060996625568647524,0.3353209972937802,-0.8122207513484899,-0.35256461678610557,-0.31174769854790174,0.2964559079959798,0.2739653866167215,0.17524805312856767,-0.22542690983882718,-0.4396932652428038,0.5531357296432141,-0.4845189054267183,0.15328564340345438,-0.6734187216116716,0.7525197110783086,0.5731691814896668,-0.03297318155644959,-0.04591601164212713,0.29159455239529036,0.4629888717432552,0.22510369382488146,-0.33020363690304894,0.27537912645315105,0.7707443437556608,1.2129783897666615,-0.6904353933732227,0.18825896363349612,-0.029859331369887113,-0.07002363237260238,0.08120630231016074,-0.1385259637503559,-0.18569307638608676,0.3160250650259795,-0.010148062169982645,0.002166847946305888,-0.38538174937187686,1.083776822534044,-0.47254520685719703,0.18430857818233895,0.09717083511766436,0.027751843405611633,0.6325489643059655,0.2920267880063744,-0.0868076601814867,-0.30142624913753896,0.3209216115121309,0.43315868589036,0.434233946150458,0.4414576840585369,0.3044182808687971,-0.4720117975543152,-0.7263278457898124,0.11248895394541793,-0.792324921472605,-0.16206051760359114,0.756646446061294,0.11936138868803144,0.1493531334445295,-0.6901326974379587,-0.5783457490101317,-0.058554518960042455,0.9912189421831175,0.8993734692241876,-0.32777957856403517,-0.3165532593675719,0.0015489197170515119,0.6821324043492484,-0.45023381031168835,-0.36632293235355373
Beta,HML,0.4857653713807284,0.034322342013139065,-0.3740208225233864,-0.290346563861574,0.8380198586072881,-0.19328500882566138,0.3124397243636045,0.00688542138994328,0.06637730611025221,0.21119606558052997,0.34465471975560646,-0.17265190021115448,-0.08970192625764133,-0.33731495599369327,-0.12550486526136723,-0.03713788447503435,-0.08019887024068624,0.42496168775743026,0.18438167798901955,-0.23148974845164713,-0.2798718624746584,0.24322239810571955,0.12935135325343972,0.8713410198144091,-0.23296969566894413,-0.20814642219462404,0.46877796119524145,0.1032062194480252,-0.09180528570105881,-0.3611087801995532,0.457401013161836,0.20222712913712887,0.10043356901905152,0.05616845289028472,0.15305055700991538,0.11753291514566291,0.27722494876255027,-0.0066223792396811546,-0.12278697589347888,0.6774250572782571,-0.09471341996341845,0.42017355575919924,-0.32024976441335523,0.5712019358122087,-0.06239989819197742,0.1442923618502262,0.021996176692493586,-0.13407664813709358,0.20614051642767328,0.3648722102442862,-0.20500359482834674,-0.0995687489298399,0.27959135681993263,0.047686222399718765,-0.20038004421897332,-0.2569980140052469,-0.13124202548835334,0.08006623481343066,0.3926696164899962,-0.5906793500018216,0.5621274507990132,0.1325586012045972,-0.01606166868364933,-0.016728747911713776,-0.31135919692529196,0.20518396279720144,0.15303926923090105,0.013508904841468316,-0.2503911912547026,-0.009156155565969753,-0.026332852162497724,-0.4095327374228663,0.04166710580435598,0.3044649929815904,0.9459354238555274,-0.06795111741694244,0.3012585287744469,-0.3125313618691881,0.20372522081776115,0.06055418350746766,0.09077563199576143,-0.4182289443360845,-0.0037739469759220765,0.07780949696927845,-0.18222209561247496,-0.2462107577437803,-0.5827898196435976,0.26137998154787573,0.2541015269334076,-0.32543403914191676,-0.8713146319556309,0.11729683416979193,0.09521468489818073,0.30258775117727577,-0.5113521786273876,-1.921433688335838,0.17344598531327005,0.33745833396811914,-0.22008406109807532,-0.33453065036279284,0.3057425264311054,-0.07455567771251552,-0.01798473128816574,-0.3390632515975955,-0.26336601119580344,0.6384107057597332,0.08300073481598055,-0.36685874172458843,-0.402396913926735,0.8262289750417391,-0.1563060714552297,0.1840487822952195,0.13746590458954114,-0.15396424053324845,0.15710302382146782,0.35413065624494666,-0.27718034893759025,-0.0444421381167247,-0.5039085396810211,-0.016537993775932427,-0.08613799644345474,-0.22089063842938986,0.4017421217870114,0.20632213341707642,-0.33288952096014396,-0.23385372572617907,0.26714204224268956,0.20153778925374904,1.2091175853778227,-0.4391231464281819,-0.40313742496447746,0.5956356603672907,-0.11456737791166123,-0.009693824090210799,-0.3550894879161823,0.40773338669867293,0.2843499122946591,0.3027864997955911,0.2311740206883375,0.20942951711589256,0.18409320233525658,1.042574647469542,-0.8702610624176258,-2.1226878397739846,0.5232228458043885,-0.4728578605370438,0.7264203920756577,0.6460890793208224,-0.32592693610396667,0.19909578814467493,0.5834420523261301,0.3704424292544707,-0.6807198574359249,-0.8452527944780421,-0.48907776479078424,0.6077783406447301,1.5294348140215905,1.1587753836628956,0.1040279954730185,0.20327809402578165,0.7918209499127448,0.23181068636575897,0.5857436204402285,1.101339555983669,1.2026401096525956,1.9507984390366686,0.5857488950501563,0.2701706730669168,0.12256688294285882,-0.24811873328628362,0.9170751978287606,0.3532231189651343,0.17236212335440804,0.49658689548840323,0.6699489163382929
Beta,Mkt-RF,1.1042743832409279,0.7055493735459082,1.0564451659371028,1.5366749339808856,1.0521675508454587,1.0916689275101978,1.0725257322423327,0.8199074235376218,1.1678651774553457,1.2685563876299055,1.2343031757557819,0.6936715323731653,1.250564233417194,1.2209708225968843,1.3160109414898595,0.5410636359064268,0.852067967715337,0.838284055902015,1.25295009250099,1.0398856007770911,0.8812279340765713,1.2873856834628907,1.021431825722556,1.0470100583419075,0.6387419589929328,0.46765412967301584,1.237281173884174,0.9558593775650476,0.7639268656073741,0.9848019259030234,1.3791454838291262,0.9358788426061784,1.1234755402854597,0.5771254750256645,0.898744564168911,1.203465041219844,0.7782076692621398,1.0896373978024276,1.3810104435423474,1.0795701184108255,1.1338399271271342,1.3100611231979158,0.8077258028152631,1.4181693344425972,1.0645896580217311,1.2827545907890887,0.77569178703498,1.2727820839319455,1.2227730183085015,1.3490170022404053,0.58454153732061,0.7867812392810442,1.0308095486087883,1.4881857893594785,1.1004539110459657,0.7970790977742072,1.9900595591885586,1.110588143209804,1.127192349947626,0.668017248060243,0.32586279608799706,1.2994372431702035,0.957088839075036,0.6310231931053032,0.9121652709630758,1.5770549744305622,1.0098158007986364,1.1185609959013354,0.5010873819175453,0.8224908593252479,1.1935011128324624,0.7464767718436156,0.854716102055543,1.1479338518493059,1.1240825723726084,1.0074317635055254,1.122634872041245,0.913882540694784,1.2100492397326357,0.9299505050135436,1.2938291400994892,0.7231300664078331,1.224484996315631,1.1036921471360137,1.176016084725977,0.6755008668330094,1.0200199314923801,0.8914092196015245,1.1984672126712195,1.1267079784135912,0.9893481341406002,1.3512722688382146,0.7433954219771169,1.24036235777369,0.8430566216719932,0.44452722468050665,1.3015255569171589,1.397172395214711,0.6667492252816083,0.9907033242036365,1.4138235817484055,0.7263903578515934,1.1568352452339437,0.5402896713402783,1.0348176221631833,0.9909622344956739,0.7749229252793618,1.155622638585183,1.8802382435015434,0.9884190016490875,1.094215995599687,1.0198566899247623,0.8891700577297956,0.931127186550961,1.3690302363524252,1.0868573556300765,0.6256251878181295,1.0963829768549034,1.2564597460262596,1.244882243830744,0.5909309256943212,0.7963665666447044,0.7206290910164211,1.0731225229038546,0.9877834726477162,0.9641075535389734,1.0898381805718553,1.0601818878661442,1.2097829895763221,0.573894314376274,0.9687790493147657,1.1712589754663905,0.8883503085937609,0.949150425258246,1.0296474377497729,1.2845519603469124,1.0164900298499435,1.1543195635821066,0.7739790224051765,0.9285712776358909,0.8292782531218289,0.887736802862277,0.9986837177260478,0.47679600772026176,0.9509354525612149,1.1132586786268133,0.9756182956699607,0.8193127469490096,1.1580393380761977,1.2664216217673523,1.0637648816883094,0.8110853879615658,1.1816349982272034,1.1866831740078614,1.1559927750248682,0.21440464329927084,1.1637925498656996,0.9189201012333146,1.338367311094733,0.893439714644267,1.02492066084584,0.8193327282505092,1.193729004073572,0.8477643457881271,0.7418846612165222,0.1471834317999386,1.0640466582673653,0.7866332589521865,0.6373203101639985,1.0877665547556514,1.4549854068437655,0.9698320809793902,1.1584164828387429,0.5714099488886537,0.7801434695812184
Beta,RMW,0.030847488829650577,0.2110556364653701,0.6827051659733103,-0.17210478248848424,-0.37557820251741036,-0.10169997949605722,0.27948486326838284,0.1761192389860804,0.016184789538973923,0.3600481354615595,0.26487634994350207,0.5964071568308327,-0.012781427800973634,0.314265107174921,-0.5280499495926332,0.35337899096414704,-0.263815553363382,-0.028644646475787374,0.06947443920727508,-0.052938482685109686,-0.13706520142596798,-0.24685590307632546,0.07482653906278051,0.09930302613693603,-0.10504665771565788,0.28599298789953487,0.009276358247216558,0.5856415020720047,0.5382848403348207,0.16133945305464764,0.19724877617798442,-0.010777023927892228,0.12879592821948138,0.25828706963813836,0.26685709677294156,-0.018481098545224346,0.5654680868921808,0.724217823545911,-0.44392374402449036,-0.47227970442051065,0.03543572569702263,0.054092065973269085,0.23764672054157956,0.07654322002032125,-0.9856455116797622,-0.15706376083290496,0.5790095395206427,-0.08246018133518515,0.8316183081063999,-0.3214934160223113,0.12491968613481955,-0.09344944971907461,-0.4736572491232258,0.09561242509391994,-0.3104963756328422,-0.29348123568664936,0.05868499109258165,-0.09990810769354232,0.25114064944743697,-0.48565208746304306,-0.2816892634024309,-0.24933492265524632,1.0298748441818302,0.8233337981645259,0.4737422077888106,0.17702068983617014,-0.1579898092052363,0.2893646396006758,0.2400372326640181,0.013871979841928842,0.024169761228667305,0.16805833456701952,0.7623020342032668,-0.17000003091389682,-0.6944924865252913,-0.287866249417683,0.09982103587413618,0.5379531724359169,0.3529641639845376,0.39601104499345247,0.2702423985199267,0.39701654551011545,0.0677805391090735,0.6326391370128418,-0.2545511413535763,0.5489665489228324,-0.3740900700410009,-0.3452406117101448,0.24955310591322122,0.09287131456700257,-0.23690597750610023,0.13190303584380805,0.2680359048798333,-0.4584853380743722,-0.47771588249119434,0.4796902575797819,0.31018114559492005,0.7108762728642265,0.40372266641267884,0.36239503502374626,0.4322739737808408,0.08234325200778346,0.14484604478882576,0.49030844652364886,0.12204912427934062,0.22495949907439514,0.0322715064904865,0.552160939504052,-0.5088131825594223,-0.1975442558857959,-0.10852070448756061,0.278334863835197,-0.131866768770631,0.3930924380008228,0.8341602249429498,0.6274191627090615,0.8549703998384585,0.3006937646378203,0.1311340789731431,-0.5471809451241064,0.24955969437432096,-0.04315684226336274,0.15422348979947692,0.25412445485796914,0.10376874998607707,-0.1621059355034155,-0.3818105004959707,-0.004843508597016405,-0.38078955677429627,0.20827838833173576,0.0797673699428557,-0.03450991747733543,0.606512497571031,0.43639933028063754,-0.05523625688864968,0.36787141251885047,-0.0387941170384991,-0.07314546817066901,-0.09327209653694761,0.38452478587314637,0.23475209693133034,0.2540443123502113,0.5455229155732619,0.20203334787294872,-0.40508621669291855,-0.15701358300309243,0.5541376068094982,0.19568032003382363,-0.19378113877207628,0.066310377230657,-0.2938504282397623,0.5859286632343592,-0.5102895771171088,0.2772668469816909,-0.4036094953844719,0.3582101435338518,-0.9597069453541617,0.5592111174005898,-0.2249391957637746,-0.24875870208599746,-0.22580976558897006,-0.4510464543575807,0.25097161977710364,0.4747024320650991,-0.3116045721226385,0.464589369892544,-0.06276844366733796,0.09727310133983924,-0.07751939536479287,0.10175491489778508,-0.6747887335051626,0.01694090584164412,-0.26842353105573147,0.5142500358892558,-0.18622556795369796
Beta,SMB,0.09566949063165371,-0.11828719733857497,0.4069920680818752,0.6078640641816065,-0.08425973016295503,-0.2658252118719627,0.18247678723214275,-0.002089098040059554,-0.039678569367548135,0.585250648111197,0.5422344608788053,-0.07493873968013773,0.5433974772882414,-0.052213889840650465,0.1375052312934518,-0.04773684026444215,0.303939945906383,0.03560575404806777,0.3089503707575327,0.26819167168767855,-0.0686877357692117,0.14634328790469545,0.31521103015330953,0.2462286332895219,-0.06385570680225229,-0.02995544891491039,0.6232925714017385,0.4454298985252971,0.10314391318230218,-0.017661871007557048,0.4136193577642768,0.0838250939351729,0.11946822277731144,-0.09364879333066842,0.2947624875459254,-0.12601002342186135,0.17574091412681755,0.42780741411355694,0.3813910351308767,-0.2611405025654719,-0.23879990963257852,-0.29462512758248793,-0.07499686160138812,-0.05449399161841991,0.4504647655132779,0.3882935629849508,-0.26714981439440466,0.5904400091982669,0.012731977546975961,0.5270286896364821,-0.18106268441661663,0.3292866826980092,0.004384044080260104,0.4498980700430076,0.4012950353616753,-0.17413675379156962,-0.05712397185023681,0.5862206464426271,-0.016417128413829866,-0.395823901515559,0.41881978670930803,0.35489810988307413,0.3547634251672659,0.329649402937197,-0.037281522863934886,0.30307554756616306,-0.0456201350587543,0.07299025791361187,-0.03452122717964225,0.15386041978558937,-0.036177101722813576,-0.17635244980275835,0.4098503140759041,0.15334091918777937,-0.1844457838937277,-0.3704259133711379,0.3516553529583936,-0.13929437141531667,-0.05723079966273611,0.48969588059861935,0.5720922110268298,-0.17566670315566363,0.5100537283775363,0.1015351645993123,0.18517862856964634,-0.28391643616041456,0.06476170214865229,0.010498359079502308,0.42493486568632227,0.22717564496592665,0.05822009405611419,-0.08707251844575062,0.22989508982700968,0.30172078549603293,0.08608168949294813,-0.18558959672528486,0.35377297405586616,-0.33881159132095573,-0.2535911813950545,-0.010309465507637495,0.6864147166772868,0.03481724467020626,0.20560869008617874,-0.20916696984280783,0.3814801062310567,0.52110977920078,-0.200120090537175,0.12687221533289827,0.42021746335202526,0.12711372791153278,-0.2348161765860716,0.15686440183293637,-0.005319784366492127,0.27333369251747786,0.5707337353052719,0.5948536095857297,0.16842935717449312,0.648616328948219,-0.03755464365529529,0.13367943656985867,-0.014789512463862474,0.5187233615646333,-0.1024058835964121,0.38573065571973836,0.17393137252179605,-0.06211355236774058,0.23842785862610075,0.16088759756516263,0.09300037077075982,0.20130756749189838,-0.5971871504771413,0.7420939539772998,0.9969911577042905,0.23240502864533158,-0.13610608252733752,0.4775764476141511,0.06397971112160639,-0.07044268259971236,-0.38759656967297185,0.2066288794911603,0.1482148395977743,-0.4997456036312741,0.7279557713737997,2.2285089459078944,0.03978716786849772,-0.17561861519840893,0.18809282024107876,-0.2547918163347081,0.09112371306606921,1.1610545590201926,0.6816507598048683,-0.20706931291751196,0.7678411411593982,0.07567931819180435,-0.2347861690801246,0.09697537068685827,-0.16567992759703437,-0.20221860491305077,0.08025959741735049,0.4349304371504514,-0.5310623966412473,0.36666810245814063,-0.018365132946235062,-0.23034986905549665,-0.6552054710915687,-0.0054969940538617534,1.0147126273135825,0.6634447799754185,-0.19767272686288626,0.18230279072310654,-0.06630399408450766,0.2501623591693455,-0.003936005450949035,0.13085841725661054,0.1364573584324463
Pvalue,Alpha,0.8865407594564213,0.27184668573951265,0.3140264021069056,0.5427369667652859,0.6161077216484299,0.3216419221072635,0.11607018541482612,0.19025355380697762,0.33456604433127357,0.977910222717875,0.884249468884907,0.1293623063752123,0.8217604320749349,0.030806948848052497,0.3754317512397737,0.8558642037424431,0.4403219984284312,0.6624720548266357,0.7140467573460771,0.6672672813322513,0.6503585824483424,0.7530176707232159,0.5759310234265304,0.26619388681528255,0.30007748158745107,0.656133419644499,0.6264929741662464,0.13826795746964604,0.6987957059667576,0.14992625730893502,0.21260164986510777,0.6384543406906823,0.0757569428712756,0.625942858454106,0.7489758239674151,0.5394873288908788,0.45116192881037653,0.054880442993658345,0.8316117493521828,0.12772638599779812,0.7042068452017896,0.7471636790424188,0.6470277744153735,0.13058519342955163,0.5028081458089231,0.9402556447709014,0.7195327555310889,0.9922977898041844,0.5240081364015614,0.11367472422233656,0.057165829138974646,0.25826994068876796,0.8460624815389511,0.15038851162813882,0.7232949779188453,0.5537127363796079,0.009571190808656234,0.74625555125585,0.05409737961215606,0.0010794757311947134,0.8831874967466934,0.1400528910548639,0.5816534971308184,0.031679684888871615,0.39619965018758707,0.0006141650147096205,0.8901381560118379,0.6519451785404909,0.2682973654134385,0.0037371284727413644,0.1437371830051207,0.0001056106028232909,0.7187516438778978,0.6755632754807996,0.2686943842477365,0.005280485022107458,0.15476387578472564,0.6849411517877041,0.5344606134577381,0.9457467689683534,0.31638829024163995,0.5303592862060598,0.7560126789377977,0.44689631190188206,0.5144768745554695,0.7187121933595761,0.08197041671806554,0.11330335061737365,0.6704406902927078,0.5336505281152586,0.33651750317138573,0.9131625094138722,0.7068286215412201,0.10385174248088554,0.46227638750982625,0.32274729122644286,0.2534153132028635,0.3699127821672211,0.30238399761723067,0.3237288586182566,0.17900597602223312,0.31377826567520684,0.09447151662578943,0.8433821069485377,0.02449487348208456,0.3626804524521654,0.7688386491917835,0.26893032771290315,0.08025861433692894,0.15571160090044228,0.29527741354011416,0.42834563030138095,0.015005817544274215,0.44202145462889575,0.6369506605496376,0.7226384365258576,0.004070370014154947,0.7962194374229987,0.00944474995198772,0.9120664823838166,0.030210310967022067,0.026307108233870113,0.7163728007023488,0.5161119657485385,0.8609068332433892,0.07165124206554079,0.036176329283704386,0.9134927334263598,0.5473534903981003,0.5722657270833116,0.5481995603723875,0.11813087329588295,0.013030754883643697,0.4274547078694685,0.4834723834742364,0.40531977855615064,0.16693920415531605,0.7703685377005433,0.1468441670613284,0.6232700763615079,0.12253559031169613,0.2507567039223424,0.10866364957744369,0.07110118694561876,0.16780513221167281,0.3051768090196736,0.025114764781702867,0.34700777291265816,0.18224895742444036,0.6613993286044242,0.6740415002639168,0.05988555652439727,0.38528577027636635,0.016403882230962615,0.8580778956282539,0.2875091487854977,0.16119943755661081,0.014944729789241329,0.6132380950212393,0.5356459889118594,0.0008412621512392836,0.19430104869405718,0.36016245855122286,0.3132012516082452,0.22522510871914891,0.07732102323146181,0.9424211306683242,0.42117091798629247,0.38217405806203064,0.742692618168751,0.8608458064139565,0.9320130811600162,0.009229200120742069,0.6119406184833666,0.4434097420354487
Pvalue,CMA,0.8900897742332594,0.8327819113346309,0.15383023969569262,0.16934012951622557,0.002172183799927886,0.0002571272702110323,0.4556376426112587,0.0007830911169532668,0.5252062813421996,0.4027731243144619,0.07047046477085717,0.00031496177958977505,0.5062734468726121,0.36718634757325497,0.08934584443636329,7.531806305131886e-05,0.03287748339760506,0.854950466323838,0.8399271260567469,0.8485228614975016,0.04922211981026947,0.07528604305370501,0.7719723841155944,0.22241712716193562,0.016359394712093706,0.07266856045503499,0.0023143047813626474,0.6906915800052127,0.6840332485427142,0.6363356849574668,0.8545825072517392,0.4653608157503919,0.352905584745565,0.0719891201100395,0.3857687775545102,0.038262961448403986,0.7758025392038572,0.1901208899931972,0.7545684771305088,0.7316042666696065,0.011628668333676161,0.008948758954263829,0.002052687085525791,0.017175012440209855,0.04582313369965355,0.09598231619783747,0.15473240699409999,0.18421741079294207,0.09102887370842296,0.18299811278074685,0.1622245642286091,0.013116256301179673,0.6732841961220472,0.4357711714623793,0.3834021835824535,0.5033487248149424,0.9268586720595289,0.7845364040952584,0.3402316185068798,0.3637257322638664,0.0013165611884087575,0.9882368936650221,0.892232213581846,0.5247525172247227,0.07354961332494422,0.28290040559105467,0.60609162616796,0.2982418406413109,0.20310508337079247,0.28009687060674104,0.3120981326087423,0.0006487407763244788,0.9304269917788996,0.2174326502630899,0.0007967850894811706,9.706684421151316e-07,0.7297361573920742,0.00019775597698093328,0.13493924088380646,0.18649363628580762,0.6988866361345976,0.0004562390964160721,0.5975344931787316,0.00014954298443215885,0.04083343065376188,0.03305405158421627,0.010585283100491253,0.59564935572044,0.8196058149096977,0.7926265115930158,0.03453933737348177,0.02129886607381216,0.7521579999312236,1.4723929885756957e-05,0.018723328097571754,0.0004956096839200149,0.09806801919863943,0.538483387703637,0.3334234490280338,0.4236840009947602,0.07829270611514466,0.3879976846642841,0.07107030956202251,0.015055546388911073,4.5973901366267467e-07,0.5635124851514447,0.8249340465105826,0.41892828927863557,0.3281539879613359,0.045359267281140855,0.002854163597998401,0.07932852372298785,0.1680240051319286,0.4496862172490177,0.5038608134463394,0.00033245504137701114,0.00830724963264576,0.008795319843299995,0.48355634194176444,0.036523510191525305,1.5378496236353266e-06,0.028581749967033807,0.8293809016130294,0.793050212867483,0.16007261838085773,0.024136206546057443,0.5430373509458486,0.1859858311725896,0.4863517939279949,9.0502660094463e-11,0.006400723171902399,0.0004882339318846141,0.5236982810705606,0.8818869979740198,0.7085294434721018,0.8218855010996402,0.1388066016959978,0.3224739395464479,0.166727963890261,0.9257507188952006,0.9965500910981189,0.23662208561788667,0.07869680653103504,0.5933803978020742,0.4547409259920535,0.7008553389674437,0.9305153227717502,0.00043295150638894314,0.09919928678814405,0.7071916985734876,0.43801581894579944,0.4349430207034539,0.31712376493084093,0.555306543587492,0.552139728963785,0.29611154121580385,0.4925413906945285,0.054437572218118686,0.7653180488495595,0.012947601553727959,0.707026655700071,0.15036124508815676,0.8148975545366777,0.6636059859594318,0.07982356681822242,0.44784418422763583,0.8524503800310754,0.0024407909581181664,0.051879360854014386,0.2896530377005242,0.30060207729772725,0.9935707640205714,3.3346080566043176e-06,0.06624395458389284,0.14962612747465776
Pvalue,HML,0.004470984413428081,0.8218889401685043,0.0025645885858376375,0.22203723159468236,3.999776397545561e-39,0.000542364490284685,0.0008403567826228302,0.9342337969158382,0.5144059818484779,0.14242241639321565,8.913138595303443e-07,0.025096430147866406,0.2774145808270376,0.0015365374121953772,0.4169111466552521,0.6835899072479867,0.566580498673474,9.533297966380645e-07,0.043153391817866635,0.01208603587597622,0.006185083584690771,0.16468662978049864,0.3097469327491167,9.115421537292783e-06,0.04124042088653525,0.5172431527150103,0.000158501426603718,0.44306541952355183,0.4092694760590003,1.4594791189620816e-07,0.005320796341612181,0.0014413755220410612,0.26408018003628353,0.6259806550032644,0.036908364790553545,0.4731362089282847,0.34621459429884105,0.9815369100120348,0.7302561478014606,3.7782807488141186e-08,0.5455221939338086,0.06956830875114638,0.04347877203463691,0.03447223699313106,0.85197458183035,0.45085617262609257,0.8978545865066111,0.5178393524531225,0.36572192360082445,0.5340713965575075,0.4157759413500589,0.6249698457032667,0.10053947675566577,0.8128940885569711,0.20250266919598936,0.09178652420275461,0.7992227901820612,0.7219150133926411,0.25951192583892846,0.004283963804367018,0.2930466781850306,0.5742567995215714,0.9586172632259298,0.9022844096934687,0.1373438932059329,0.5953762903463193,0.22471021997960394,0.9022960564922495,0.3273535801450551,0.9120189854911934,0.8923733168087018,0.00649663146468819,0.8765060161709401,0.19043916419847318,2.626675495862162e-32,0.3598087195848926,0.09330713446543855,0.05960379108510709,0.33384801749019843,0.8102293651525742,0.43820367205288513,0.00028457012789874216,0.9836171804738659,0.5542108518531247,0.5325473010179405,0.041267668837913496,0.0020891122294038836,0.015619849132495955,0.15274232729280746,0.04405636275350905,1.3901444502928336e-09,0.762572949582618,0.5165009613293032,0.1288034250490319,0.0006028849725820781,0.0013950359983722679,0.34625489387195874,0.4313567977297057,0.1162256673068707,0.0022656679049415022,0.09553812468361272,0.5080689258764315,0.8784478135105901,0.018207045496674956,0.010148517379201277,0.014328669356063252,0.6928961921246639,0.045561411839179736,0.4128953707837706,1.0030954033156026e-13,0.015121099272339893,0.1439150287276562,0.17089738949369937,0.23160986133223105,0.5020054293646121,0.001016381395879516,0.025346963857515288,0.7090582228900068,0.00040723377401533355,0.9277598882642878,0.4698918690024151,0.09834281498907094,0.0010154396157458785,0.10402283489582419,0.021829471395889526,0.03959489513889918,0.16271701732202337,0.28653448123304937,0.0003087666650201781,1.7847352890566147e-08,0.2757535958688486,0.0002973186547545857,0.4053406023374534,0.9297418761856827,0.0006418321289078057,0.08046715087284038,0.0001749908255571979,0.046757706298677024,0.10071267243398248,0.002617873158988419,0.6846541656609387,0.00055289654764408,0.14075918849274094,0.0012920329364811912,0.001257670192341175,0.0038956993680013255,0.021667088350833665,0.04058654855038013,0.07086199414382466,0.5476569116003415,0.032206425744624026,0.10629970872010633,0.0058757065039483905,0.030441830748918642,0.15549036765540716,1.7052448834042854e-05,0.0004110920475228228,3.80791067294784e-08,0.5171723427692207,0.09785975030312101,0.00035051220745712324,0.6920150154528021,0.24884787398949215,8.652364752369779e-08,0.000299839132451325,0.005879281080147803,0.058707860928344006,0.3256941612346639,0.7181359009728436,0.14467698764727135,1.2375002016816498e-06,0.0456371226743597,0.34384125506664875,0.01025652132793532,0.001185377961459571
Pvalue,Mkt-RF,5.0478865331143414e-33,6.486953163748062e-26,4.4345197698590076e-38,3.3588218942861444e-25,3.4787329279704986e-162,7.194578780713515e-300,4.466512236014522e-61,4.137738739466969e-97,5.852756522451848e-60,1.3522053415702034e-37,3.8832113424275066e-90,3.1868173302739308e-43,1.7363924741091437e-115,2.7555720089039478e-73,1.9365972347597543e-56,5.646513858979761e-26,2.4390040964979747e-48,1.1811922163782846e-37,1.1000766552567656e-67,2.943299318071349e-91,1.7008730484570153e-83,7.129718998277908e-24,1.0211763256332151e-82,6.203646365337479e-20,4.099227062252997e-25,0.02073254922470195,4.118074104132615e-101,9.11711227694154e-26,1.3288800710713382e-30,2.101482574673254e-82,8.929664750086685e-52,8.768593937491412e-114,6.140981332854436e-166,9.116280506173133e-24,2.030169281639729e-95,7.776391918899444e-38,1.3511332276460196e-11,2.757323855192299e-26,3.832110873504119e-16,1.0065454172096908e-100,9.133036165862617e-40,6.611083446376453e-16,4.104652849398839e-47,4.950006722288717e-33,1.4794235497927443e-13,8.97421706121368e-32,8.095853211794141e-21,1.2591290117989574e-30,2.4871772503678922e-20,3.424024872232462e-19,4.1209684203699505e-11,4.010176433059319e-11,2.102399194356342e-37,6.754198049175924e-38,5.2929276736123274e-92,1.1414230300188802e-21,1.3818746901789215e-10,5.7001273612100345e-37,1.867619575446771e-27,1.0676375252257085e-14,0.33596250013840345,3.864562024449686e-40,1.1776107119506054e-08,1.9483933990936118e-19,5.650194000842552e-45,8.388263097225303e-28,1.1606608245239226e-55,2.7272114438424495e-40,7.834164568623924e-08,5.1051051529987395e-34,2.619010384500733e-74,3.8908497940216824e-20,1.1721567959173526e-10,2.6034758072762596e-20,1.4454729258316053e-122,2.8408383345530193e-127,3.0365825761525125e-16,2.0077482132444474e-44,4.359602952466088e-27,5.389612364755734e-12,4.688529002808712e-84,3.496939687640674e-17,2.174781715948305e-39,4.936390220625965e-15,1.7749359171657504e-13,3.8179309004877615e-10,3.17339888312971e-15,4.609784989758936e-41,1.0471939340891142e-32,4.0327677077992676e-110,1.6714851534511246e-59,3.112451823833576e-13,8.930032582088452e-20,1.1505156479538403e-58,2.165717772351032e-28,0.10203131867132934,9.331444522480152e-33,2.742172664460169e-13,1.532385034421296e-13,1.7712972670359795e-21,3.6841132798505716e-24,1.975222605709017e-19,1.2982714840324806e-52,2.885390467743043e-05,1.5301626285221404e-70,3.3860889170256114e-07,1.3683306475951113e-25,1.0369937173388289e-22,8.033757790626225e-15,2.039852741078217e-47,2.920186466469572e-272,3.5392677915743635e-70,3.7481727932168015e-35,9.81084221050479e-23,1.5515241128249703e-15,2.059945147738807e-21,1.500643914920425e-09,2.97073897061291e-41,2.254739868119031e-34,1.8896840916491467e-24,2.437732426904465e-15,1.134220213347228e-38,3.4047552490599587e-12,1.44675499485514e-22,4.173525630986197e-21,1.61806343182634e-51,5.863889715706517e-10,4.802507796706078e-59,1.3103028974180222e-06,4.4223151188518467e-10,0.0017063723914792887,9.613601930243128e-49,8.67631685797397e-11,4.338148709085424e-31,2.0381629521229642e-35,5.561925059299607e-16,4.197376237278548e-65,3.8130982325241963e-50,1.4748045825146086e-24,2.249930022014773e-72,0.0016912617347662597,0.004279001996384339,0.03793596198340136,0.3284851381568542,4.306026007330893e-19,1.4485859286088607e-84,1.0160835025712796e-08,1.5164124706213104e-06,9.300973787950406e-22,0.00042494559187319773,2.6739494835324224e-06,0.0031917634304299614,3.34181898364367e-10,3.961173965993364e-05,0.012550607888675437,0.3052245936327206,3.132707597378955e-05,1.3214475315136474e-05,2.583086604568363e-21,5.5031201645344786e-05,2.517120702570254e-12,0.005909461529390251,0.0010391361101159946,1.1964191038634931e-05,3.109570191141644e-05,0.7192331473902686,1.0313073712521813e-10,0.000295266946604866,0.006255515345634842,9.110329995745303e-22,3.032164050785964e-17,1.7555728679042288e-19,1.1114062113957244e-25,0.00010336365138614242,0.0013569546319953055
Pvalue,RMW,0.817890036423321,0.24410082320355797,2.8906092088542454e-05,0.5491116969607339,6.606609024377606e-07,0.16917170727042352,0.021064585803371675,0.10868141240920408,0.9282978055761661,0.11752775242008903,0.061161220748279746,1.499565575494723e-07,0.9208491741613624,0.08437976636636497,0.05251471784826299,0.0002973881296818805,0.0329112282568083,0.8094637155416395,0.6193468611499091,0.6962136752447713,0.22700979723472803,0.3332429532752552,0.60979731474987,0.7205879523901164,0.31455442394332356,0.4330099707764865,0.9497432988512855,0.0006961952965597148,0.0006178518486814955,0.10182622781137196,0.41019434185197645,0.8992438086696657,0.22351435719787716,0.021756886169190574,0.00120821234543398,0.939527614415662,0.02970616317505992,0.01094581252750764,0.2631300379721997,0.0026527330805133577,0.8847566897751651,0.790962616374598,0.1295819364024079,0.8214764398655142,0.010419808556563138,0.40114545448248096,0.005392131904715528,0.7089210256350784,0.015491012544969826,0.650821992723484,0.3461595978994233,0.7212737913045862,0.07302499397108811,0.6681281933292593,0.11234967373777335,0.02880052656700953,0.9319184813750474,0.6356964123287796,0.37285109338553246,0.015246709577204278,0.6620902199874317,0.3861512025629139,0.036995452512571254,0.0006516642202688348,0.02439902807359796,0.6652830152839956,0.24990832223623116,0.086610907954299,0.27044131389821,0.8956711200186172,0.9138482358515184,0.3461508836227303,0.03595272779837275,0.6544294186244812,2.1683195071868713e-06,0.1223600741869347,0.6377810369575683,0.00016397954948799747,0.2654762739315837,0.3104514688927714,0.16177166790228936,0.12328834693329567,0.8590299440716137,0.055370549405439534,0.5659107430926926,0.01823355594986706,0.09701377878803859,0.03856650799282332,0.3619148296091923,0.6664075428272196,0.21781510204479082,0.8005061225708029,0.26611779738921637,0.13365883838743473,0.1387534585628582,0.6560137841520317,0.2620036238638438,0.1302811552528068,0.15362348253572383,0.12898234688788066,0.10563135760653944,0.6352132107753676,0.5218822567336866,0.0022750468250765984,0.4503508245015222,0.39904409689304643,0.8838114371292941,0.040795842608436286,0.289710334195862,0.06544345704543747,0.3251459241549428,0.09133846814924,0.2701659765585177,0.09762764136666775,0.047602138549386455,0.03052244664692571,0.0007063556566223605,0.03867308682754657,0.6533855656480415,0.06056602072962635,0.13076502041513288,0.8092171252019393,0.35474609580344185,0.22990524628182418,0.6401450134148143,0.3605619071787126,0.34476713784584323,0.9702793473697289,0.5684053146485266,0.2000673035326096,0.8542567478848252,0.8703973130925011,0.011230951717243792,0.002208151924999403,0.7009256141816831,0.3076258111039615,0.7201830801168343,0.6661501028989893,0.5089424965525841,0.0010966698042420425,0.2617492556673743,0.5728277648266251,0.18839798722383672,0.8323595058668374,0.01888807008203131,0.4327716166271601,0.01686541753224342,0.3290627941723059,0.4196685432016941,0.7925422822315745,0.38496916156711136,0.09311865836413215,0.12100582133801743,0.6473755053774091,0.6271739395274614,0.14612684668826414,0.0011243655706293437,0.05172506766314845,0.5458585530670345,0.5321504899669178,0.27595943676496637,0.468294306163369,0.6617010221649569,0.2952829914540708,0.25135395539260363,0.42932733937782463,0.8247853566841327,0.6848111587263384,0.8385151161945139,0.7057111183091234,0.04373198609320869,0.9389677293450475,0.005555358654775284,0.0013373035804771101,0.5702882971137262
Pvalue,SMB,0.44636485052972075,0.2480639727500834,0.001347113660788206,0.004301986426424265,0.17935370212629664,2.830094264860848e-06,0.07249891249456454,0.9801534018117974,0.6852306770789465,0.0003248159916888577,5.1189455125979566e-08,0.43316343796887435,2.596012121663854e-07,0.59967120167289,0.49059149908963606,0.6032919615249137,0.012302269185635786,0.6895093683962736,0.001176463469650815,0.0010512448400838816,0.4473788358622395,0.4657955868322521,0.00028103869694030663,0.11439526825571186,0.4555327330068899,0.9218924819121077,7.402059952977906e-07,0.011520329914568469,0.3193854902620168,0.8093827499181306,0.003717747255500544,0.19913520324351153,0.1200652827169694,0.3464580094640556,0.0004427541471847449,0.4891696950536264,0.2966535965267886,0.13307145036974952,0.1536873911783585,0.041610182325339265,0.05677304761360226,0.16651121544463954,0.6288187101548531,0.8050728679071522,0.05282989571127465,0.006105528444452705,0.07029968038267197,0.0005357484746001839,0.9553226867892933,0.27184596546737927,0.23765565894837626,0.14689395643355188,0.9727370274328416,0.006869112912822765,0.00042290479160824563,0.24112480404540426,0.8778068398352528,0.0007537969780743261,0.9290890142958705,0.008745519546288296,0.5697128758086174,0.050982123842419486,0.13908488747902312,0.11885247135201905,0.7859952439256606,0.28437560630628866,0.6510146864510999,0.5685532026691531,0.8695434946050324,0.05124584656779136,0.8450565694820897,0.10578776183922091,0.024030028488611806,0.44491755986345183,0.0019539744756997533,2.3954046188412813e-05,0.020295271818146013,0.22820764860179055,0.7718449953873717,0.05369200400513965,6.939736766034824e-09,0.34609638965247136,0.0005794435362374029,0.5593543422613866,0.5111959456587143,0.06813524394220909,0.7480083260889601,0.9308803365699986,0.0026212988814893127,0.07254652249324059,0.6133124003417832,0.8338620557126479,0.06355687935439486,0.1525247115229577,0.5837027436005021,0.7615702126539259,0.09747378692381219,0.2875933172370506,0.1919098808003442,0.9503658938039627,0.001275677166447079,0.749971384337267,0.08510076781716547,0.23170153622111112,0.002377438471884351,0.11931794905554154,0.23931183725541816,0.5841357908387621,0.42436477254833205,0.32641273087388256,0.024696182512830192,0.3403824688067508,0.9669014155612833,0.0993479232491678,0.13112568274283085,0.010878515776269672,0.42865757166183804,0.00042480541062111317,0.8396386358874652,0.6028395000125901,0.9335251087109142,0.0012476588426919716,0.555572861473367,0.020326876698286957,0.23150030794489995,0.7213035496957877,0.4255603780581355,0.3050762104418282,0.8277549098419501,0.10568429580674564,0.1038659584014243,1.9191779928374187e-06,6.751895577949826e-05,0.09237386435976755,0.3068548244233543,0.07723020303783656,0.5344266983726967,0.696150103633155,0.0005698720795424739,0.09309385423254357,0.6410967761064836,0.035367723972632555,0.15555434030975449,9.918147871331606e-05,0.7609388746323389,0.07328350828997353,0.3670568094285823,0.33484336372867274,0.5821468402100616,0.00027326583428469316,0.008620707439877095,0.26172116691151537,0.004208133333189095,0.7058867202673546,0.44117653703669846,0.33640962199283786,0.5267328536863538,0.3237760255473233,0.7420964207442551,0.006320574975787905,0.007365758401135897,0.5100662365611222,0.9422290932255534,0.368343013336508,0.002608894354618681,0.9911729098546436,0.0007720675737566744,0.017591115840533463,0.3380624091335288,0.27749479107551667,0.7872587514690892,0.07178037248663054,0.9749987245327306,0.3904290087079909,0.5370017402433962
Rsquared,Adj Rsquared,0.6325485795845724,0.460899641915513,0.5243066196130765,0.5556483543670439,0.8936905262730604,0.8843502131035379,0.7067020401304738,0.6310605061770234,0.6661706336207738,0.6331176557296745,0.8324726897346504,0.5746574122834676,0.7648008897620417,0.6903420979952348,0.5637474665272505,0.45050251780967676,0.5430472199994901,0.6901167472221563,0.7941919085117255,0.7319286400266569,0.6412911794494512,0.40724527326003224,0.6985662784641797,0.6186576175067888,0.41768507830411894,0.02337707538625078,0.789536149433769,0.47417460252413146,0.541502982141373,0.7755922423531545,0.688141290099928,0.8215025000758778,0.8173450465945353,0.4111899660810673,0.7941316745240615,0.7643159141938988,0.44978563077498857,0.49897292111041025,0.6037249409632641,0.9017433782688844,0.8337643174014414,0.6246813338683338,0.7104510990300977,0.6869304868436851,0.6942045593823298,0.8564238077086527,0.6079753979955549,0.7474240087164747,0.6170351360218331,0.4672582285193899,0.4519210987596246,0.583823012041339,0.8466666949998239,0.835475913588424,0.823489218703819,0.6579147523537698,0.4903742309316329,0.7604149390989929,0.6693989931273534,0.4713721510218535,0.03037479940327703,0.789159441213963,0.43195724880531683,0.4635926723337799,0.7232625570386255,0.7367251734684344,0.8371620746841056,0.825442371221061,0.3098172883071568,0.8374777653145513,0.6267730525194488,0.5921230979400345,0.42534159804747684,0.6280883302535376,0.9193552266015625,0.8799824353844596,0.7647691495712743,0.6961050346667677,0.6784133587346493,0.4794101562062838,0.8650977277575229,0.5295912772198212,0.744378976459604,0.6324637495811116,0.5804945110647678,0.4158771156123494,0.5158682013066456,0.7802028483291066,0.7769488125457196,0.7842245484521879,0.7515492756404301,0.32382428056891355,0.585192362098561,0.7357606585035048,0.6016171145844738,0.15339726749216465,0.7706168712967174,0.4562784666463501,0.3710344034933014,0.7532217963461338,0.7128353776074475,0.6938134369412252,0.8026326320229191,0.3190118676646241,0.8207462934778249,0.621087261855781,0.5644619290763284,0.6488789739782934,0.6249677320130533,0.9128102660617461,0.937699251115236,0.855870678884051,0.7293502261057182,0.7064946846011515,0.7228273818643729,0.8578742658531495,0.6931665199518066,0.8739751457071807,0.8390613016360684,0.7315075162054407,0.696378528801679,0.709257084655047,0.714666455014777,0.8488893894783215,0.7268693806568141,0.7528590036787964,0.5979748801522613,0.8420621363935035,0.6436815791033326,0.622737990970258,0.2267832145024392,0.8552612206590342,0.6405821694127957,0.8022601722422457,0.8266187593228748,0.6754689157293501,0.9000860517251502,0.8369833172657581,0.6784957079800533,0.8800065499736365,0.2856710961048561,0.20081920632712869,0.3057008662724576,0.3671843734370197,0.6938909981622634,0.835593103511959,0.605138988194305,0.42248459278394934,0.7274084810164846,0.6816147375354566,0.708105918212194,0.29127600135724985,0.5718667341729667,0.5573936376267271,0.21444411078502845,0.4463133225562781,0.4941598854549941,0.3230020216978299,0.5210057465490755,0.5374021279896215,0.3305747094254654,0.06824980029910244,0.31483382409245164,0.3212897035192449,0.16458810471946173,0.22514834645799908,0.7200772915196164,0.5903308296768791,0.22074655443124436,0.734958898789569,0.5951697764282853,0.7730453886828882,0.826622590560231,0.3061533907472702,0.451884648044119
Rsquared,Rsquared,0.6418276558576894,0.47694429542993233,0.5363190787137564,0.5668693555193912,0.8963751089429327,0.88727066226759,0.7141085542685932,0.6403771600614421,0.6746006681252997,0.6423823613930666,0.8367031773676138,0.5853983867207537,0.7707402612326973,0.6981617419852542,0.5747639446452493,0.46437871685488696,0.5545864316156647,0.6979420818882636,0.7993890825392072,0.7386981188138626,0.6503494829987075,0.42221382696558707,0.7061782411292257,0.6282874756505568,0.43239000056916654,0.048039270452254645,0.7948508931349365,0.48758851572504647,0.5530811896630556,0.7812591049199941,0.6960165100468995,0.8260100127002243,0.8219575454179057,0.4260589063315454,0.7993303696118378,0.7821707691792095,0.5262042931673513,0.5369295179959853,0.6337457787690775,0.9091870617333628,0.8463579297195141,0.6531145661510358,0.7323866218308479,0.710647874204012,0.7173708806412442,0.8673007919731487,0.6376742314807402,0.7665585535106813,0.6460476257171488,0.5076174536315574,0.4934422276414713,0.6153515717351771,0.8582828544695342,0.8479398595286949,0.8368612475898933,0.6838303014178782,0.5289822437398426,0.7785653225005844,0.6944445239510388,0.5114197153383798,0.10383125399393789,0.8051322108189658,0.47633558874240145,0.5042295910963723,0.7442275148387296,0.756670236084462,0.849498281147431,0.8386664340073443,0.36210385737479656,0.8497900558210247,0.6573654252637562,0.6255556308957693,0.47244474574850326,0.6585728933475099,0.9259654539293033,0.8898199406808154,0.7840503668195304,0.7210144580547375,0.7047729194941041,0.5220814548778998,0.8761552910560866,0.5681493692509834,0.7653315193727512,0.6625896717465942,0.614880206879131,0.4637560405621568,0.555551135625773,0.7982190083021306,0.7952316967632835,0.8019110608741398,0.7719140891125259,0.3792485198665435,0.619192988156056,0.7574196209212503,0.6342714494545989,0.22279093409116746,0.7894187670920685,0.5008458054458296,0.4225889605840144,0.7734495179571065,0.7363734614101157,0.7189106962083378,0.8188102851357946,0.3748305670363762,0.8354392202419376,0.66227342904537,0.611803023741945,0.6870443028936963,0.6657321089681563,0.9222874110550345,0.9444710716461886,0.8715369094401324,0.7587686797898793,0.7383974362749395,0.7529548403573759,0.8733227152169376,0.7265179851744363,0.8876734994346611,0.8565546384147567,0.7606914818352841,0.7293808626275835,0.7408595754534115,0.7456809707740404,0.8653144558393735,0.7565574914549864,0.7797221554528403,0.6416732627444068,0.8592292954811661,0.6824118422442746,0.6637447310821865,0.31082851727391325,0.8709936966743566,0.6796493249114048,0.823753631781132,0.8454645463529971,0.7107440335848556,0.9109462634941556,0.8547025219107844,0.7134418266778736,0.8930493162808499,0.42853687688388487,0.3606553650617029,0.4445606930179661,0.49374749874961577,0.7551127985298107,0.8684744828095672,0.684111190555444,0.5379876742271594,0.7819267848131877,0.7452917900283653,0.7664847345697552,0.4330208010857999,0.6574933873383734,0.6459149101013817,0.3715552886280228,0.5570506580450225,0.5953279083639953,0.4584016173582639,0.6168045972392604,0.6299217023916972,0.4644597675403723,0.25459984023928195,0.4518670592739613,0.4570317628153959,0.3316704837755694,0.38011867716639924,0.7760618332156931,0.6722646637415033,0.37659724354499546,0.7879671190316552,0.6761358211426283,0.8184363109463105,0.8612980724481848,0.44492271259781613,0.5615077184352952
StdError,Alpha,0.0022544455657321208,0.002365608643475584,0.003221363198521993,0.003981468781803896,0.0011153099140525744,0.00130246938585811,0.0023301382511271072,0.0018603872742035258,0.0023722797908090746,0.0033887421373479925,0.0018796927543034685,0.0017230198138149262,0.002008709173325497,0.002454921482829322,0.004550269276418268,0.0017402396268631644,0.002650788626183041,0.0018688525651319593,0.0021578959501872973,0.0019681029755130117,0.0018939187348344644,0.00487832750240568,0.002668716326514746,0.00360958402364231,0.0023429124222530203,0.007573991223741275,0.002560805409384924,0.0032526295694864284,0.0024565396882626706,0.0016608308816550136,0.0033209038622061624,0.001432840448019915,0.0014712360894540255,0.002035275360588605,0.0015776010980075442,0.0031583834769910077,0.00317539291270998,0.0036433827416987754,0.006271390373447449,0.0021928427724635653,0.0025146751336383496,0.005549020761909097,0.0024666805148238135,0.004798322220569563,0.0053930430234739,0.0026751297574510806,0.0024113016372367684,0.0032466438903103437,0.00457317316444944,0.00785632172561381,0.002437572313116301,0.003341580238059116,0.0024792777496255906,0.003112756404532201,0.002347266191449543,0.002489848818165342,0.008575546173071718,0.004221805068908474,0.0037163785440134083,0.0025302874201606866,0.013111332341479529,0.0038087727202908658,0.005770578653747089,0.0029048306921292074,0.0030101105201922112,0.004450687673552632,0.0025750660450479575,0.0022258852654507416,0.00369595241789481,0.0018689521754712433,0.003062372549882825,0.002200770552314468,0.005499486863126903,0.004133221572476778,0.0015402710163896463,0.0017414879552983943,0.0024999560330337817,0.0023871879344093644,0.003828743984524698,0.004549787334780144,0.0028798454202370203,0.0026701370930451033,0.0028830983341632714,0.004053219973434765,0.005265811833161694,0.0029558640470459586,0.004552606490620552,0.002191899359819737,0.003188914007868924,0.002200674427192623,0.0024025425478144792,0.007945828364135783,0.003394026215980301,0.00430205227789935,0.0031595633337854223,0.013937369370517781,0.0036319450017753335,0.0072476856923977765,0.0035434366094388714,0.0025117253114354003,0.003440605393296291,0.0018303889882546071,0.002351589913531438,0.003013146220316495,0.002123298382116839,0.006399561507589716,0.005121719426557688,0.007645537303831802,0.011561019790493331,0.0023010157065911285,0.0028447340322818203,0.003567035092923874,0.0043094147707080956,0.0037222046535682063,0.008252467359430188,0.003624311782885217,0.003931700896507186,0.0032947408621247405,0.003617852139152672,0.007711921219433803,0.0030505948105746757,0.003467546166651125,0.0031876347602124897,0.0043661070143156365,0.004709453992417358,0.0032729376894753367,0.006502728423313453,0.003866573530939752,0.011887006372293682,0.0036377360009552154,0.009983366683955887,0.004753473762971931,0.006287004155568649,0.004598648780600595,0.0030511863292527544,0.007663830325033292,0.0028181912066430293,0.003592161473943873,0.004228073878526876,0.0026963686141540763,0.009961540479215847,0.008704215093083811,0.009923624302873203,0.013857004324496125,0.0031701181405031434,0.003485464346198625,0.006480773140721849,0.005348297929556176,0.0046104769855235175,0.011453487426564917,0.007354159223676399,0.005701771117254595,0.008552892786031113,0.007002139509718532,0.01372785494691853,0.00545427311304364,0.011361741612087842,0.007693555180255878,0.010059260200181348,0.007906833037618086,0.004649407341509801,0.014080066304774565,0.013610827790678978,0.008139301732748764,0.007966083384903584,0.02024011580632724,0.009655450002170916,0.00586801424430264,0.007348197758220291,0.003802762867649074,0.009194025795876193,0.005581359343433961,0.003711545475891194,0.006676872292540516,0.006358327629906926
StdError,CMA,0.23062457468504233,0.20874664603981685,0.2504177672191216,0.4584109280292718,0.11158549398216801,0.08684566891575482,0.1447990606919486,0.1460488173829889,0.1703791302639402,0.2135994245421635,0.1213292387147749,0.13933867235694472,0.159389146759202,0.20486856586278498,0.2635686224827716,0.14920304327034084,0.21059159348491105,0.13384906093062188,0.14045731987879326,0.15602939446753325,0.16665503696439815,0.29847923798405385,0.1869855159375088,0.26810315069264073,0.17102562682448105,0.461006932041023,0.15328883449995603,0.23022590982616417,0.17701565662106147,0.12580256651369578,0.2513692810809934,0.0801220261386877,0.13063112171071456,0.16977700194951134,0.11586081445325944,0.3008430115435163,0.47057988112458043,0.47046615440282197,0.5684510466046436,0.2116842416825017,0.17746386424180546,0.39088135952640674,0.2738704872478949,0.4991810779733548,0.3710600089374263,0.2635548364299296,0.2665704220299518,0.27551269618018337,0.4148178672760788,0.7252286120626703,0.4129325883420516,0.27498513148480347,0.1850627990113458,0.3456234922992918,0.3024691050420265,0.24656469978069007,0.9300890138012092,0.3828533503864057,0.42234671999408124,0.4205181321028228,0.7891091658056261,0.42439467163618244,0.5397255357358647,0.24975913164298724,0.22767185499422085,0.39397257248586054,0.22370532715352562,0.23292171798027475,0.45100574459443327,0.1508383042354388,0.32719751013778375,0.21950020031545517,0.3400842280935353,0.2814481413724136,0.156360765128674,0.13384973351200802,0.27557937670211374,0.2727983876888784,0.3270755211178601,0.3650551699178434,0.19440685870845004,0.18886031933560427,0.3252476328107846,0.32478320163815416,0.43852303861572584,0.26764871474879715,0.3263477620091999,0.21468186908833503,0.2781926854343339,0.22539075262317781,0.3045492914424437,0.7615661286546432,0.26118955295848306,0.30335030931575185,0.2116584246973961,1.2343344732648718,0.2723455027879284,0.6872309559664883,0.29019279134648074,0.2089670569332793,0.4128169467393253,0.13971943937095044,0.19719038093749672,0.3038981566852396,0.16894449022727534,0.34375914208273844,0.27574901686656983,0.4148564694796981,0.8306283553503936,0.17616714344271286,0.10450729940557511,0.1689596889755307,0.19873000143506775,0.23182852871787418,0.33724965730584655,0.12252492214468787,0.2095750817657437,0.18493729375015758,0.21879378737968777,0.3220479965497846,0.15657096051463254,0.2618158118446136,0.153010890221393,0.17501693477189892,0.20756611009749468,0.20532074708151726,0.3700985470890531,0.24967238069383846,0.39558974521609874,0.11890496293882809,0.4448825045876849,0.19799531106535412,0.2952363927761476,0.2009680041828115,0.1873131939465723,0.36072364467870366,0.09358283054702635,0.18768501856466616,0.2285409170618704,0.10889367706136129,0.5011405182138825,0.32563652293393797,0.6163783281375391,0.8850092124868558,0.24655524768397857,0.25293963720272994,0.31826786593439366,0.17974542962902063,0.17712033660893908,0.2310986110761895,0.3886621934627428,0.411036889601387,0.43299157120637255,0.7362054317206848,0.7424986899106009,0.29136278651369213,0.6877907984233742,0.3776391442435292,0.37684158163022713,0.31881643171764873,0.4311813169546652,0.5260858294614125,0.5098460409726562,0.3433879076839691,0.39397641354365986,0.7619698079197074,0.3148213688880933,0.32707163284276747,0.4626089174806729,0.3095521964377481,0.3058062726173611,0.19222280191725777,0.14672498855703062,0.24512267359816622,0.254240267541087
StdError,HML,0.17087170043914773,0.15246505615075262,0.12402805090211387,0.23776897898903257,0.0640432168594837,0.05588031029676287,0.09356868675842375,0.08344016560627762,0.10180684832788865,0.14398132279030518,0.07013400168092582,0.07707965997207802,0.08258738635346459,0.1064860034300492,0.15460229538685286,0.091120416851874,0.13993996863072952,0.08670855683973003,0.09117774948823636,0.09224087194394714,0.10222492681341178,0.17504554070505116,0.1273452593945383,0.19637365641712418,0.11413902244371436,0.3214115992072763,0.1241021050877918,0.13455355508659883,0.11125487695866973,0.06868320388020457,0.16412289000955166,0.06346899713018593,0.08992983404260806,0.11524290110750551,0.0733430605577149,0.16383506567445688,0.29430739792893024,0.2861613388758351,0.3561264000728163,0.12314773355893123,0.1566848558580012,0.23153742836248065,0.15861162565043424,0.27013517839175805,0.33440531922509903,0.19137211820746966,0.17134714928288788,0.20733088804470184,0.22790149236703522,0.5867970967955114,0.2519179259243189,0.2036924690776249,0.17024959806245055,0.2014677011306912,0.157228185879479,0.1524262595446664,0.5159836149271955,0.22496797392179876,0.34825168996458283,0.20678732345291043,0.534615338191974,0.23595614458524405,0.309539919161636,0.13625412026913417,0.20956292411873573,0.3863658618956577,0.1260518027424219,0.11004197531088461,0.2556425217493949,0.08286693849028869,0.19462317324283218,0.15047487603339343,0.2681281640313467,0.23254364795198892,0.0799385533914443,0.0742043449356568,0.1795123798052448,0.1659123987189397,0.21081010657807156,0.2521723518311005,0.11709507340778423,0.11524774220954505,0.18378780409120754,0.13155449670724,0.2919653880089292,0.12064242808820062,0.18938579818349077,0.10811194580306778,0.17770433270142272,0.16162169599511728,0.14386161438576828,0.38826668590520547,0.14676671690910065,0.1992232662970766,0.14906865704811278,0.6012604532663244,0.184149018708742,0.4288605165133867,0.1401082148474238,0.10957444285553886,0.18342195826017424,0.11264781022174628,0.11759554483627287,0.14358688536195605,0.10244805056632661,0.2606910962419366,0.21016687186079783,0.18348129230542007,0.49144170721354574,0.11104490976150093,0.06433763485498592,0.125942976274339,0.10038946391829294,0.12870873073891453,0.23401490205497796,0.10777108122988868,0.1239585201206776,0.1191091131733256,0.14253423042228472,0.18241049718947266,0.11919656889840645,0.13363489752251265,0.12225076197124977,0.12691622419818466,0.14515602933854305,0.11363428680105399,0.19136364256032212,0.1891033304467322,0.335136915013458,0.07797388542035646,0.36988200916562636,0.16464825589829465,0.13768113821154057,0.10994519332730386,0.1040313936208218,0.2332594932358705,0.07577355257471247,0.1522696876440069,0.14083882117892402,0.06959240419417424,0.4532971499009165,0.3018694341466598,0.59082072342217,0.6596821105559594,0.16221611619324153,0.16381781923838679,0.3163639944769075,0.31551491453498454,0.18043290619713978,0.3311227388068137,0.2724023628355747,0.22936891184983038,0.24711769819848467,0.39054443946768524,0.34432322265562076,0.14133212221311595,0.43291705729059937,0.21070419333919063,0.16060883374311694,0.12280295205080285,0.22150153188871358,0.5852002044045775,0.507949917216576,0.20574376080571924,0.33264013753885835,0.7082379716943299,0.30985861505372275,0.2748922750401436,0.33956632006246085,0.170108197398444,0.18910572458540273,0.17672340946179907,0.18208496434419474,0.19344585796663333,0.20662287590871417
StdError,Mkt-RF,0.09224657312290996,0.06702283912785155,0.08188769837986644,0.14816993410798213,0.03877055795996705,0.029494561494289258,0.06504840495263611,0.03920694127794074,0.0715082013923052,0.09899032811142058,0.061311002932937904,0.050324844787014725,0.054747336082089544,0.06742713250378402,0.08313473153720698,0.051334037033648174,0.058322419854270634,0.06536105382079685,0.07207692966044081,0.051328893565699536,0.04551955007776267,0.12778085335603095,0.05301521403232104,0.11454346828553226,0.06170239983579692,0.20220085092585552,0.05795920335783366,0.09107843683978428,0.06643208580896323,0.05121341500638478,0.09109766097497268,0.04128187542042424,0.04092137788004597,0.057421085423771286,0.04336370680598499,0.09359809273753789,0.11506750171911326,0.10272567696967992,0.16957912055936772,0.05067063912223492,0.08591665816552145,0.1621865630015617,0.05602982371727912,0.11845200224416737,0.14407772766302035,0.10935923950206461,0.08288728398707161,0.1106380375944244,0.13234848705697788,0.1506585119877844,0.08857143850975327,0.11914246662663604,0.08065377117282206,0.11564396447222906,0.054093440930686174,0.0833483502340718,0.3100806443611437,0.08742813680340056,0.10383132717963017,0.0864083947572349,0.3386736636444905,0.09798480451128888,0.16782387287474346,0.06998820203970736,0.06482159481906262,0.14430168628602927,0.06425078761585132,0.08417998099011863,0.09329660529133672,0.06764166086179728,0.06544350968997784,0.08121793636513103,0.1326602532943784,0.12431398596104715,0.04774386352586536,0.04197787795084352,0.13737804945757295,0.06536137541158775,0.11226737639008931,0.1348747861441791,0.0666043254686388,0.08579435496551675,0.09324833365434397,0.14098346572560547,0.15968197393137368,0.10788516583689216,0.12938026012570056,0.06642335172192104,0.10062523736911572,0.05053389320022586,0.06081647604031789,0.18537393856081832,0.08168060936094554,0.07680644659771284,0.07628719901797974,0.2718680309953694,0.10919007152802708,0.19122355496896684,0.0902926117669224,0.10409110786728709,0.13943512497888944,0.08057898520156744,0.07578102128070514,0.12918394885329745,0.05827764484052669,0.19428411205109333,0.07410928857073328,0.11782087345899148,0.24207893282061216,0.06833558190903997,0.031037565763526915,0.05758796938439071,0.07187497932159266,0.09487846907755018,0.17171317372488143,0.11438254932161425,0.10350672016447786,0.08149946669931796,0.10276854245625126,0.12199146270134904,0.07464299553247478,0.06123169917195363,0.10353991112264252,0.10978643610028001,0.10476950501258575,0.06384796350722836,0.17594930425521693,0.0654312053972794,0.25004894213779594,0.09199467847819402,0.308815145883862,0.07982460128450997,0.1369139998366736,0.08185436094947238,0.0829030382086334,0.15861510494178135,0.05965562749279483,0.07752181060935485,0.07566736289507406,0.05161016570071655,0.2641273539169819,0.3107423311034597,0.48116675174994855,0.4879357189000965,0.10650188474296625,0.057131752508952395,0.17032376687787878,0.17036856426509994,0.12082562311697478,0.35936167922195295,0.22660311744145314,0.27507108451233764,0.18809765868048872,0.28874947962821557,0.46308753850435086,0.2091153279041187,0.2795160350194618,0.21092969788883673,0.1412024012442832,0.22152336272172873,0.14636818961700132,0.2976401003671083,0.3639738806988264,0.19363133810130673,0.17811116596966875,0.4094298710778478,0.16465475629843768,0.2173369783369926,0.2331024293491002,0.1134683067563692,0.17228306160829934,0.10743025806507996,0.11057621012697531,0.14717360378964978,0.24351677125706567
StdError,RMW,0.13396829576665012,0.18119507492242237,0.16325170766375194,0.2872761641995548,0.07552977476197778,0.0739706073638968,0.12115564913428392,0.10978988747682082,0.17985762857711785,0.23002812447600715,0.1414689792330946,0.11354485435516608,0.12863223165443666,0.18209608914136288,0.2723465043131542,0.0976842242961514,0.12367332404419157,0.11879932081699174,0.13985057132898976,0.13558788538731956,0.11345542229882624,0.2551212051041654,0.14661440708226894,0.27763625783960505,0.10445010274652397,0.36476307585159917,0.14717570348684106,0.17270093714005483,0.15722523573037275,0.09861439966576911,0.23950989513089185,0.0851153691210066,0.1058101354958808,0.11256371229660579,0.08244130833926824,0.24360955647605773,0.260106553439492,0.28462937809471583,0.3967063011677114,0.15714619825920234,0.2444821601862527,0.20407417389444943,0.1567846425958213,0.33921753615197636,0.3847807194614792,0.1870748156017123,0.20808043726081188,0.2208919080381598,0.3435457461406235,0.7102934461595103,0.13260204672248493,0.26194152115885677,0.2642182180317599,0.22301919554225952,0.1955611696025881,0.13424225146701393,0.6869258232903994,0.2108991983140301,0.2818177688853214,0.20014796569231827,0.6445548863951787,0.2877102096351807,0.4937519467084803,0.24150729390177406,0.2104784668840172,0.40917265446852946,0.1373141336535099,0.16886824703331177,0.21781037483035365,0.10578661922149254,0.22340954804962326,0.17839042962933366,0.3634402712062978,0.379788789538405,0.14660807517918578,0.18632808270035414,0.2120226964654666,0.14273542970270373,0.31697463827116185,0.3904374837390473,0.19314923862167288,0.25761611955463104,0.3816275343441637,0.33019482464438643,0.4434037514412053,0.23253010020103415,0.2254224841515597,0.1668810634017661,0.27371608436153966,0.21543687145180643,0.19223783430571142,0.5219910524409715,0.24102922213479516,0.30569184722210563,0.3226831041463624,1.0769309082256366,0.2765356089146457,0.4698473501328499,0.28294705609357584,0.23871191155586782,0.267141683873355,0.17357270477439796,0.2261641038904712,0.1606642093148892,0.16169081703293017,0.26675155477322665,0.22082705046761708,0.26992628898310855,0.4805758529800315,0.10723182280102725,0.11029220120817243,0.1648532926037944,0.11958747743821907,0.23730799270715108,0.42110096870232283,0.2900362935858911,0.2524195715041198,0.14542789209876114,0.29201652761840763,0.2915731861388337,0.16515188975563103,0.17875056664903197,0.16665194867589053,0.21166402219380082,0.2219671133567291,0.1773015847021672,0.4041229514531734,0.12999939346173012,0.6675814500910302,0.16254480743060862,0.4342502137429363,0.21151765995691924,0.23921488897639875,0.14258122553054411,0.14381772123465109,0.3605817251199231,0.10829868147364638,0.16953886713255756,0.1412175366279182,0.1177906821527268,0.20917683209473706,0.4505196001774879,0.41474127454506887,0.9544443966069105,0.17254358410631856,0.2001555865219208,0.231892773334081,0.20049143885027235,0.24012639080319723,0.25212039266582265,0.3382346179184883,0.34893917839144517,0.329098992743933,0.6061653897441609,0.830970825090398,0.2464721927903619,0.2946233102419881,0.2874508305840506,0.37242971590260554,0.3981880855005538,0.207271210579687,0.6219124797536157,0.5735630707459715,0.4535652020510025,0.27165334542057723,0.5878324062203625,0.2835141504265596,0.23964399348168855,0.3803826617670423,0.2694620699934068,0.33460864544055696,0.22125494296916742,0.09680131025440372,0.16030978255530523,0.32807738402479714
StdError,SMB,0.12563470959674547,0.10240743001182295,0.1269569290521729,0.21290276904180105,0.06275172451785228,0.05676653176790474,0.10160333809677474,0.08397848090608057,0.09789060579573781,0.16281114617480966,0.09954500823031218,0.09561075700158403,0.10550099424024817,0.09947901684823397,0.19946554329087596,0.09185949616682357,0.1214131276376833,0.0891211121993337,0.09522204074191214,0.08185458484985561,0.09040332379903801,0.200652512843381,0.08678291483798244,0.1559650961019599,0.08557188553694939,0.3055115471028228,0.12590480918731645,0.1763027015407,0.10358711267138682,0.07321820415704439,0.14256995276755488,0.0652833598932165,0.0768531685586145,0.09946957327238588,0.08390156968302512,0.1821928156800648,0.1683928390897822,0.28480633554740553,0.2673375677590359,0.12817353951029797,0.12535072777800602,0.2129561656843855,0.1551476688477639,0.22081363048341424,0.2326409781487825,0.14160654272712986,0.14759862972876733,0.170538214696435,0.2272593391446368,0.47963088279212246,0.15333032558725807,0.22700183861965562,0.12827949232210842,0.16643634592359766,0.11383088018695137,0.1485580342954143,0.371537969077295,0.1739926950340525,0.18448064610523307,0.15097151104113737,0.7367434276884072,0.1818470056601987,0.2398334545585663,0.21136679040545048,0.1373094405483605,0.2831048835864104,0.10085073634154129,0.12801185888139013,0.21018977917880285,0.07892644439973887,0.18511568183302785,0.10903321685033059,0.18161900695130026,0.20073019291860672,0.05955357941500883,0.08768648852705785,0.15152046953305842,0.11559806887614722,0.19737316885295522,0.2538187709038916,0.09876640689401416,0.18644548714880424,0.148225829011959,0.1739209079431448,0.2818648656589654,0.15564644134529612,0.20158239833900066,0.1210362846656316,0.141222421353396,0.1265128073570295,0.11520726366168917,0.41512335197700373,0.12391425222985095,0.21089469222746993,0.15708790073530413,0.611660151851929,0.21347297765590068,0.3186068060807901,0.19433019295585238,0.1656210814965151,0.21307988834546343,0.10925556017619635,0.1194130583487646,0.1748906357923416,0.12554802653630806,0.3345502462380679,0.17006767170637813,0.23179203235644574,0.5260136631206228,0.12952745936133672,0.1045429219496949,0.1645298788125474,0.12820355110058299,0.16585549452006562,0.3780500521431135,0.23358946985526396,0.21280011248467948,0.18404776673983186,0.1855872523233873,0.25691698638132604,0.1773098773870136,0.1607071784878748,0.17373714403329746,0.1662446625043381,0.14536642602194397,0.17412549059247528,0.2992273429552553,0.15687039897677954,0.4274270174412837,0.12442527442455902,0.3671848945416026,0.15584467315277822,0.25019456331566353,0.1380892176746915,0.13319656046329573,0.27027709933625105,0.10298332182647456,0.1803805260729292,0.11249152061920441,0.12304474826519615,0.31794442422081837,0.2375077964085566,0.512578763436236,0.5725009448989635,0.13077211191390178,0.09805283916469935,0.20852860016938746,0.2641961127699231,0.16560373267640566,0.31902294174936247,0.25950442604106655,0.18449910803867647,0.26827676343210455,0.20053553898808033,0.30483476966530215,0.10088113100134526,0.2617371425615701,0.20493856029127017,0.2438920159722858,0.1592760960775248,0.19816951768054056,0.5566249671807902,0.2534223755182321,0.25606337234545123,0.21764610036530505,0.49686557448639834,0.3017625656326519,0.27944941367041126,0.20633881407046403,0.1678718096465187,0.24568684886502432,0.13893983295033022,0.1255921514955861,0.1523665363298574,0.22103610035569976
Tstat,Alpha,-0.1426827264026703,1.098819773046847,-1.0068093468373158,0.6086793957923999,-0.5013743024837647,0.9910894130261751,-1.5714843558925193,-1.3098294032731421,-0.96495760973615,-0.027688967842408138,-0.14558441884256743,-1.5166213716255454,0.22528131819056718,2.159557405305316,0.8863448065644748,-0.18164134014345584,-0.7716495839292232,0.43650268052097724,0.3664266222860135,0.42990151780892427,-0.4532640970428569,-0.31466282770500226,-0.5593380623898135,-1.1118703775372898,1.0362672475226364,0.44525785684800473,-0.4866689195507883,-1.4822719171538894,0.38694664776213994,1.439791992645657,-1.246443417664768,-0.4698609842665746,-1.775854252586432,0.4874452143211994,0.31999011504128727,-0.6135884332200517,-0.7534793281699749,1.919821556747455,0.21263489778196099,-1.523129194987124,-0.3796478380289697,0.32238152448340873,0.4578951459286018,-1.511798255201255,-0.670077878714082,-0.07494855385691791,0.359083325090525,0.009653438857090977,0.6371791818353627,1.5818898247167015,1.9020407367536836,1.1304896891991885,-0.19414482817032558,-1.4381605290739943,0.35405858596428724,0.592205874147853,-2.59094816021216,-0.32358063448823654,-1.9260560177866586,3.2689494809370037,-0.14692971567044075,1.4755940959118432,-0.5509710837176564,2.148429077779051,0.848428007811326,-3.4252804843270277,-0.13812939320769357,0.4510615641237155,1.1069920502965973,2.899538163910156,-1.462014695080904,3.8773264694634664,0.36012769346447704,-0.4185250499896603,1.10607424720492,2.789405830981357,-1.42290438197934,-0.4057297892012138,-0.6212112878294982,0.06804882328191876,-1.0019074580363596,-0.6274576531848445,0.3107210688313705,0.7605995110517463,0.6518826557687287,-0.36018045033529794,-1.7393659321736354,1.5835184245664418,0.4255432633971284,0.6224431293912012,0.9610689447773072,-0.10905040734957756,0.37611874195626693,-1.6264604396540934,-0.7351036238461156,0.9888280227012916,-1.142093124148429,-0.8966367483929265,1.0313344732319365,0.9868241394286347,-1.3438219306034558,1.0073257369913249,-1.6722678485295277,0.1975692353422744,-2.2492770740939534,-0.9102693992978144,0.293894332220271,-1.1055292490959148,1.749187498492529,-1.41964313488103,1.046614495766094,-0.792025804301596,-2.4322386252727064,-0.7687841585201888,0.47196655574511004,0.3549348005976265,-2.872656048099245,-0.25824291764416146,2.595521479041123,0.11043237023343239,-2.167321989099154,-2.221647927042641,0.3633107006862292,0.6493503228169564,-0.17521991914033075,-1.8013277144880386,2.0949399685961234,-0.10863407413910764,0.601730580885602,-0.5647177971089063,-0.6004602263456321,-1.5626672842627187,-2.482927655394562,-0.7935547091163694,0.7007286329939456,0.832157979982192,-1.3821058446814196,-0.29189286664829917,-1.450769098658952,0.49122110080837766,1.5442177495235412,-1.148513352786666,-1.60422870522805,1.8048306477089755,1.379290734259797,-1.0253950793728115,-2.2396329033565086,-0.9404090674312069,1.3338623960494753,0.4379820043909714,-0.42060779565026973,-1.8816352513595382,0.8681983264188212,2.39980333807687,-0.17882145822796985,-1.0636017511613673,-1.4010489441401635,-2.4337156591668245,0.5054567120081477,-0.6194104648148908,-3.3388492155559604,1.2979600924924273,-0.9150555689213884,-1.0085275855002038,-1.2127508062337737,1.7664461806403156,-0.0722271604932987,0.8043914837604055,-0.8738975334808733,0.3282897172880556,-0.17529758864946643,-0.08531234030031884,-2.6034452723201467,0.5073053027250803,-0.7664480661647539
Tstat,CMA,-0.1381906122759107,0.21113502356952682,1.4261320129106587,-1.3743271877078969,-3.0656211174671673,-3.655054579218471,0.7460492865102668,3.358703244948861,-0.6353406281027031,-0.8366788257015354,-1.808874744904928,3.602672889195083,-0.6646514601589403,-0.9017562827786341,-1.6988585188056158,3.9588292331813597,2.133576255268204,0.18280571236603396,0.20198669449076703,0.1910034866503935,1.9666626130520224,1.7787177779087635,-0.28979590072458344,1.2201259644592035,2.400797321637943,1.7949067365682918,-3.0466194842264556,0.39791671294866254,0.40696560728557624,-0.4728282957615399,0.18327467117267335,-0.7300480476644219,0.9289681651582165,1.7991869053659948,0.8673162096652297,2.072026590856614,-0.28479325612694495,-1.3102215723046213,-0.31262119012215156,-0.3429922816934483,-2.523216801363928,-2.614005524494969,3.0825014817085425,-2.3829395914793285,1.99701886501019,1.664651440567206,1.4230129300694303,1.3278810352112131,-1.6899951960465465,-1.3315803887721278,1.3976288033571982,2.480597022138794,0.4216449437820765,-0.779354070631581,-0.8716447981132327,0.6692300739386265,-0.09179782513347005,0.2734121630539779,-0.9537077057817624,0.9082886599761404,-3.212345110393056,-0.014743401574640491,0.13548020562327165,-0.6360366762909548,1.7894050084009787,-1.0738266000367032,-0.515660386953993,1.0402110892165337,1.2727547483258528,1.0801017546565026,1.0108293091458702,3.4103730508256436,0.08730762690569494,-1.2333836816934063,-3.3539091846107416,-4.897493499751852,0.3454765224416638,3.721865985248541,-1.494904985858671,-1.3210231771902445,-0.38682382734414,3.50521475877992,0.527949346903339,-3.7918271530234358,-2.0452173913112532,2.1314261362595777,2.556099548856251,0.5306672915852727,0.22805200047387011,-0.2629014851400971,2.113718266930734,2.30264427184301,-0.3157951495960083,4.332778393446399,2.3509941523763915,3.4831180961312183,-1.65429287876527,0.6151080173893834,0.9672412429159642,-0.8000462503437245,1.7606792535154288,0.8632542636380548,1.8050279427390115,2.4310401430202666,5.042395841581524,-0.5776321665671044,-0.22120341991341616,0.8082819528265542,-0.9778389409856607,-2.001307450959235,-2.9830231985811992,1.7545954883884376,1.378580911982914,0.7559382535780891,-0.6684273948257595,-3.5886026903455326,2.6393201185124266,-2.6199091356948414,0.7005941313015774,-2.091050802446366,4.806253398490079,2.1892076626366626,-0.21549565203326615,-0.26235182156498094,1.404827369257569,2.2549541550198895,0.6082263645599155,-1.3225477162728791,0.6961230157842432,6.482019965408663,2.726514028441834,-3.4871300217070513,0.637655005412008,-0.1485775384559496,-0.37383182090512723,0.22512054174461213,-1.4802497738166314,-0.9893867811410153,1.382794245725484,-0.09319239136597657,0.004323833071867272,-1.1834721299062005,1.7582980663982872,-0.5339438281431622,0.7475345988927232,0.3841661045784706,0.0871964982205658,3.51913795867574,1.6487479280887731,-0.3756303846969794,-0.7755481603497761,0.7807610937873543,1.0003859536653839,0.5898271425891974,0.5945568524998877,1.0448083796538354,-0.6862723354780406,-1.9233383425988895,0.2985046221778064,-2.4852072937517424,-0.37585236472718114,1.438256656401335,0.23411261262384297,0.43493999090376817,-1.751710695649244,-0.7590139963538751,-0.1859928351332984,3.030586705327711,1.944133446718009,-1.0588830650728482,-1.0351431207026218,0.008057939545165115,4.649054064053376,-1.8367693355440644,-1.440853315237931
Tstat,HML,2.842866139520413,0.2251161208979074,-3.0156147726498843,-1.221128866751649,13.085224317291484,-3.4589108005876326,3.3391483324999895,0.08251926802773814,0.6519925447104624,1.4668295962811548,4.9142314925021795,-2.2399151770220227,-1.0861455994469582,-3.167692890411423,-0.8117917327638847,-0.40756929959403015,-0.5730948136219269,4.901035183216335,2.022222296820435,-2.5096222918655693,-2.7378044787989966,1.3894806867176654,1.015753188367116,4.437158403587308,-2.0411047044303277,-0.6476008417493101,3.7773570469543643,0.7670270724664358,-0.8251798771496887,-5.257599526507086,2.786942230515293,3.186234827727401,1.116799225621465,0.48739186839705995,2.086776251851084,0.7173855893536422,0.9419571193704581,-0.02314211719059154,-0.3447848176051338,5.500913721275118,-0.6044835631674218,1.8147111623845176,-2.019081281716114,2.114504076117901,-0.18659959816600297,0.7539884242374142,0.1283720025956119,-0.6466795632891217,0.9045158690566365,0.6218030256742013,-0.8137713665121785,-0.4888189994490929,1.6422438584399688,0.23669413078171236,-1.2744537062366905,-1.6860481571414354,-0.25435308736862,0.3559005907270273,1.1275454730167445,-2.8564582206429643,1.0514615100645688,0.5617933851123239,-0.051888844344054455,-0.1227760883756802,-1.4857551651115526,0.5310613152789715,1.214098219155391,0.12276138085765628,-0.9794583058453783,-0.11049226305184158,-0.13530173064048293,-2.7216020921125907,0.1553999593995829,1.3092810561071546,11.83328173607867,-0.915729631140379,1.6782047516794443,-1.8837131177798538,0.9663920963026192,0.24013014538574604,0.7752301557524525,-3.62895564214746,-0.020534262295495934,0.5914620854233124,-0.6241222524873464,-2.040830590410347,-3.077262525667042,2.4176790049084365,1.4299118264063195,-2.0135541651026134,-6.056616531628655,0.30210378182801323,0.6487484826491796,1.5188374169413763,-3.430313177520246,-3.195676146498116,0.9418784120028337,0.7868720037732491,-1.5708148257955057,-3.0529988713137475,1.666880723176153,-0.661847554477564,-0.15293718238395604,-2.3613803638325295,-2.570727405157366,2.4489164185617245,0.3949277737309397,-1.9994340410134084,-0.8188090429042112,7.440493912024333,-2.4294656122740044,1.4613659907028862,1.3693260151426323,-1.1962221960339636,0.6713376902149549,3.2859525227323587,-2.236073395098185,-0.3731212241674005,-3.535351039452743,-0.09066360780078436,-0.7226549995484504,-1.6529412789962126,3.2862136424269552,1.625656094959903,-2.2933220375142374,-2.0579503978020304,1.3959916244721375,1.0657548377262422,3.607831698663421,-5.631669424460167,-1.0899081733493017,3.617625082741371,-0.8321210835403893,-0.08816960338914087,-3.4132916570398746,1.7479819622448358,3.7526274357308385,1.9884883490631386,1.6414083755689075,3.0093732145184955,0.40612036139096924,3.453727106941934,-1.4729697654761886,-3.2177435249609085,3.2254677160504457,-2.8864861144863836,2.2961538125625154,2.047729123274721,-1.80636084056564,0.6012748893721642,2.1418391758896114,1.615050733191786,-2.7546382246129997,-2.1642935068545017,-1.4204030765590898,4.30035529876397,3.5328587503424336,5.499536413105478,0.6477102974261323,1.6553192788206483,3.574787691809599,0.39612201879119113,1.1531523100740726,5.352966970520421,3.615438950184133,2.7544392097048114,1.890374727675718,0.9828238098995787,0.3609512360363463,-1.4585936308825598,4.84953694468724,1.9987341803830907,0.946602724586267,2.567058817946143,3.2423753342503847
Tstat,Mkt-RF,11.970898710454914,10.526999195005974,12.901146165281022,10.371030690079133,27.13831335447598,37.01254984657314,16.488117318530318,20.912302689598786,16.33190535793586,12.814952852788366,20.131837952575413,13.783878227720887,22.84246728538657,18.108004556301772,15.829857355116115,10.540056211666602,14.609612732880196,12.825436661415736,17.383510901528698,20.259263906518203,19.359328740533204,10.074949803910737,19.266767933820546,9.140722504856727,10.351979188698651,2.3128197904790158,21.347449623234777,10.494903192579995,11.49936595102818,19.22937429148687,15.139197527892836,22.67045363310097,27.454489523269142,10.050758719840308,20.725731962675933,12.857794491545121,6.763053491521801,10.607254485400377,8.143752833408941,21.30563452745352,13.196974269445535,8.077494824187754,14.415997574630373,11.972523111253938,7.388995338069686,11.729732180195633,9.358393105943355,11.504018975803737,9.239040396299208,8.954137303239696,6.599661777608384,6.603701111431813,12.780673905501652,12.868685332184837,20.343573862421817,9.563225853129973,6.417877398599516,12.702868708127463,10.855994819343508,7.730929962731549,0.9621734166789505,13.261619999665301,5.7029361954324935,9.016136644677573,14.071935031978384,10.92887418726753,15.716784778362852,13.287731628647391,5.370906908700514,12.159530810541867,18.237119593468837,9.191033474276963,6.442895146286913,9.234148860845009,23.54402198229378,23.999111262490146,8.171864984791133,13.981996782349905,10.77828019716203,6.894917364461587,19.425602331318547,8.428643897357583,13.131441049172983,7.828521886985793,7.364739148524003,6.26129516132251,7.883891487784695,13.420118023152114,11.910205073852154,22.296085004757863,16.267764897866137,7.28944035676775,9.101247257988275,16.149195968800694,11.05108894446757,1.6350845778114975,11.919815956738166,7.306486878363152,7.384316526392293,9.517655681662571,10.139651554530893,9.014637700320202,15.265500856063143,4.182328192752774,17.75668225774909,5.100582976311867,10.456488521539915,9.80830140414302,7.767046151409041,14.46419235830538,35.25456873571992,17.709544212565962,12.37106523191265,9.813893453422946,7.972773472499456,9.50195079648132,6.044295354195135,13.452639891496109,12.226112349128009,10.204666919015288,7.916763274019811,13.005789115998752,6.9599160671756755,9.774636658427038,9.42815824632421,15.100051757012183,6.194046547584126,16.203001021133964,4.838184793877832,6.23834252013074,3.137083987710565,14.672907307006797,6.488381828399469,11.595599968633854,12.419899921623703,8.098547492172319,17.03929826189012,14.890255458543308,10.2287035360071,17.99202279296303,3.1396909135828475,2.856826103189367,2.075545980876586,0.9771697157056961,8.928813371295929,19.48581357542583,5.728022069694323,4.809060582761782,9.584385399403786,3.524086442687093,4.694396501244744,2.9486392195657576,6.282029274135637,4.109732684317894,2.4962726890868545,1.0252937718538613,4.163598520509453,4.356523099547603,9.478360844440092,4.033162478517357,7.002345684043297,2.7527632440653895,3.2797106258878346,4.378239359914881,4.1652900152417205,0.3594838632864517,6.462289229828106,3.6194174823414986,2.7340783703696676,9.58652319621922,8.445318960907501,9.027550509949233,10.476181825263557,3.8825572940739463,3.203653964176738
Tstat,RMW,0.2302596196594277,1.1647978652605893,4.181917455831286,-0.5990917588586729,-4.972584701874142,-1.3748701426195729,2.3068248593065053,1.6041480962740147,0.08998667260885375,1.5652352784327204,1.8723281342623708,5.2526128129530445,-0.09936411455031138,1.725820190080821,-1.9388901316150604,3.61756459152299,-2.1331645720876247,-0.24111793130462378,0.4967762272764749,-0.3904366716383689,-1.2080974064417722,-0.967602449884692,0.5103627982534725,0.35767311845236366,-1.0057113870972594,0.7840513660321494,0.06302914154608376,3.391073098793138,3.423654210688742,1.6360638365337183,0.8235516786067991,-0.1266166620574808,1.2172362091389197,2.2945855673056603,3.2369342766220126,-0.07586360244878444,2.1739863122046414,2.5444240098958226,-1.1190236775110294,-3.0053524021084894,0.1449419690583018,0.26506081068958,1.5157525418750002,0.2256464122952309,-2.561577183646896,-0.8395772585835298,2.7826236197057845,-0.3733055776807355,2.4206916180705487,-0.4526205581096037,0.9420645398955014,-0.35675691774883356,-1.7926744516394046,0.42871836597492574,-1.5877199766386192,-2.1862061495501934,0.08543133640176523,-0.4737244545841212,0.8911455457218963,-2.426465269247963,-0.43702913335719606,-0.8666182648554788,2.0858142454876964,3.4091467171148566,2.2507870510566916,0.43263079265671034,-1.1505720860745345,1.7135526937968057,1.1020468278931908,0.13113170591910256,0.10818589196240963,0.9420815618652718,2.0974616590316297,-0.4476172957093197,-4.737068443716186,-1.5449429052550214,0.47080353914088924,3.768883265748328,1.113540710732156,1.0142751694868783,1.3991377882118317,1.5411168609964356,0.17760914244711412,1.9159571555798374,-0.574084320500679,2.360840804903205,-1.659506466043053,-2.0687824290703265,0.9117224751162134,0.4310836577840763,-1.232358751656316,0.25269213950506186,1.1120473381021605,-1.4998284783867717,-1.4804490112829467,0.4454234286674202,1.121668008009266,1.5129941089658703,1.4268487963315661,1.5181271544504884,1.6181449765277767,0.4744020790297042,0.6404466592937892,3.0517589985625415,0.754830277433034,0.8433296640600271,0.14613928149721364,2.045598972905544,-1.0587572792188626,-1.8422167107272516,-0.9839381506470418,1.688379160883018,-1.1026804109883128,1.6564652269673732,1.9809031252374523,2.163243623588984,3.387100274134267,2.067648511563497,0.44906389389200074,-1.8766504299320723,1.5110919696019522,-0.24143611442697746,0.9254226609699906,1.2006029755273728,0.46749605568509434,-0.9142949047845371,-0.9447879639674757,-0.03725793227213988,-0.5704016442074185,1.2813598393209276,0.18368988066883415,-0.1631538354025107,2.5354295469078028,3.06070682627953,-0.38407128422322123,1.020216463816914,-0.3582141214520635,-0.4314377547036378,-0.6604852255899503,3.2644754138920216,1.1222662403884678,0.563891809035894,1.3153330740270495,0.21167639371259936,-2.347732712236411,-0.7844576598210337,2.389628615166755,0.9760033702983114,-0.8069964243576018,0.26301076453799294,-0.8687769160002948,1.6791713270358415,-1.5505655999201353,0.4574112142871017,-0.48570838253023485,1.4533491160949306,-3.2574033078574427,1.9454148602192909,-0.6039775725699575,-0.6247266333277858,-1.0894410514486563,-0.7252571206422367,0.4375658625488074,1.0466024067069408,-1.147066941657605,0.790343242353301,-0.22139439450517745,0.40590669487099823,-0.20379318816657332,0.3776224048908806,-2.016650623646359,0.076567355351717,-2.77293282859795,3.207851870872851,-0.5676269594359556
Tstat,SMB,0.761489328376909,-1.1550646015129828,3.205749155405468,2.855125214751243,-1.342747642560547,-4.682780567937704,1.7959723632144644,-0.02487658763911137,-0.4053358240559152,3.5946595909521806,5.447128595582265,-0.7837898373599969,5.150638448494712,-0.5248734003906413,0.689368344150203,-0.5196723502352828,2.503353235519883,0.3995209795904451,3.2445258298433806,3.276440436166376,-0.7597921501415261,0.7293369309504908,3.6321784160140993,1.5787419072825981,-0.7462229726687489,-0.09805013656268972,4.950506461388836,2.5265063701957415,0.9957214804269078,-0.2412224010530827,2.901167810854501,1.2840192979081495,1.5544996389601713,-0.9414818044330205,3.513193956436329,-0.691630034650423,1.043636505428343,1.5020993591708536,1.4266271602898797,-2.0373979181911475,-1.9050540341136994,-1.3835012789399157,-0.4833901930874485,-0.24678726353585798,1.9363087668295007,2.742059480494323,-1.809974895331542,3.462215259197326,0.05602400145532778,1.0988214240259888,-1.180866757591123,1.4505903771543152,0.03417572053724548,2.7031239333356463,3.525361788493633,-1.1721799808234596,-0.1537500245051743,3.369225623684353,-0.08899106090763073,-2.621845000992957,0.5684744118089922,1.9516302102122076,1.4792074184155746,1.5596083107703584,-0.27151463668519066,1.0705415735919552,-0.4523530190623206,0.5701835638621674,-0.1642383721725877,1.9494153189814596,-0.19542969760630488,-1.6174194882724278,2.256648799901226,0.763915567250797,-3.0971401837727868,-4.224435481377884,2.320843870416269,-1.2049887404655337,-0.2899624097608402,1.9293131034191422,5.792376467038431,-0.9421880134618762,3.4410583619430097,0.5838007965810782,0.6569766265005093,-1.8241113237568727,0.32126665166341895,0.086737287983554,3.0089759233270916,1.795673099916425,0.5053508972062722,-0.20975095241227024,1.8552756094639768,1.4306703611610976,0.5479842119603934,-0.303419466125713,1.657226024298572,-1.0634160502994472,-1.304949979917248,-0.06224730218208616,3.221396078284086,0.31867709628742485,1.7218275197815154,-1.1959872459447436,3.0385193360306144,1.5576427907632007,-1.1767085921108063,0.5473536516466467,0.7988717647732718,0.9813650984763742,-2.246122187966613,0.9534098181136784,-0.041494828503763154,1.648023137903395,1.5096777055574024,2.5465771635780983,0.7914909217288086,3.524173862240321,-0.2023557285597182,0.5203215188405119,-0.08341053911836768,3.2277547676799667,-0.5894299930289264,2.3202588877683388,1.1965030528819633,-0.356717170796731,0.7968117360910892,1.0256083914784824,0.21758187240359794,1.6178993248992535,-1.6263935672590124,4.761753731869986,3.9848633978765333,1.6830063386471479,-1.0218438227978384,1.7669882087198199,0.6212628412726023,-0.3905226585891642,-3.445562541420583,1.6792986486982504,0.46616587147581584,-2.1041229432806525,1.4201832446075506,3.8925856206249363,0.30424810983165085,-1.791060990120055,0.9020001097609213,-0.9644041074767636,0.5502515649458669,3.639407726145177,2.626740399784153,-1.1223323251736486,2.862123172116333,0.37738606619898263,-0.7702079698385835,0.9612835395904225,-0.6330012086766036,-0.9867279472718378,0.3290784124170372,2.7306698736435426,-2.679838972497007,0.6587345593124425,-0.07246847445368457,-0.8995814861984053,-3.0104167728796805,-0.011063342554057814,3.3626193003304268,2.374114052563015,-0.9580006929543642,1.085964290889427,-0.26987197072535946,1.8005085644429726,-0.03133958136776855,0.8588396140561727,0.6173532658821518
