,industry_name,key,num_firms,total_market_cap,total_presentvalue_marketcap,gvkeys,marketcap_id
3,Aircraft,24,20,1199605686796.2,1199605686796.2,"[5047.0, 10983.0, 220833.0, 2285.0, 5046.0, 148349.0, 3662.0, 11580.0, 5567.0, 10519.0, 14078.0, 176362.0, 7549.0, 4091.0, 4763.0, 25726.0, 9698.0, 166087.0, 4415.0, 108939.0]",all
6,Almost Nothing,48,15,233432268920.0,233432268920.0,"[14477.0, 112168.0, 110732.0, 14027.0, 24216.0, 65702.0, 115044.0, 62498.0, 25979.0, 161801.0, 125176.0, 110802.0, 108684.0, 106877.0, 174368.0]",all
9,Apparel,10,27,208222476247.1,208222476247.1,"[7906.0, 140541.0, 178015.0, 29015.0, 64891.0, 111486.0, 11060.0, 252378.0, 270687.0, 164755.0, 8551.0, 29382.0, 105936.0, 10840.0, 11566.0, 19402.0, 150278.0, 165052.0, 63447.0, 8219.0, 27776.0, 10198.0, 7179.0, 106551.0, 66360.0, 111662.0, 5327.0]",all
12,Automobiles and Trucks,23,44,923382570224.0,923382570224.0,"[19661.0, 5073.0, 17828.0, 100022.0, 8253.0, 5691.0, 4839.0, 253759.0, 101276.0, 220414.0, 118122.0, 6946.0, 4036.0, 28742.0, 64690.0, 11721.0, 4608.0, 10549.0, 100548.0, 5116.0, 23753.0, 20561.0, 8386.0, 14311.0, 11796.0, 3734.0, 136648.0, 5234.0, 174152.0, 11537.0, 28408.0, 9919.0, 117861.0, 30558.0, 24720.0, 31567.0, 149683.0, 176169.0, 30220.0, 160570.0, 108831.0, 65815.0, 63798.0, 108322.0]",all
15,Banking,44,420,4211424235860.85,4211424235860.85,"[2968.0, 7647.0, 8007.0, 1447.0, 15633.0, 3243.0, 15706.0, 30990.0, 15743.0, 15580.0, 15582.0, 15362.0, 15581.0, 4723.0, 8245.0, 2019.0, 15576.0, 11856.0, 15620.0, 4699.0, 4640.0, 5786.0, 61452.0, 7982.0, 4690.0, 4674.0, 9783.0, 118042.0, 4601.0, 4737.0, 3231.0, 17150.0, 64547.0, 63781.0, 163920.0, 10916.0, 17095.0, 11687.0, 65228.0, 2002.0, 3643.0, 14219.0, 24447.0, 139025.0, 3238.0, 13041.0, 15208.0, 115876.0, 11861.0, 18049.0, 16832.0, 164633.0, 17248.0, 24232.0, 65106.0, 29282.0, 30222.0, 19713.0, 25339.0, 162560.0, 264731.0, 14115.0, 29101.0, 11842.0, 150306.0, 22086.0, 64794.0, 176766.0, 16889.0, 28022.0, 14172.0, 143974.0, 155738.0, 25173.0, 23500.0, 16821.0, 18948.0, 64536.0, 17151.0, 17184.0, 16790.0, 17132.0, 158587.0, 175263.0, 136265.0, 264485.0, 19355.0, 2005.0, 120318.0, 150279.0, 20019.0, 17195.0, 17145.0, 19318.0, 4685.0, 19094.0, 16845.0, 61487.0, 16777.0, 18329.0, 156953.0, 117141.0, 22717.0, 16981.0, 30932.0, 18241.0, 16781.0, 28866.0, 28155.0, 29175.0, 15199.0, 19570.0, 28278.0, 18732.0, 109183.0, 66235.0, 28967.0, 63135.0, 17724.0, 16432.0, 25751.0, 10121.0, 121815.0, 112721.0, 150803.0, 14253.0, 1076.0, 18094.0, 17106.0, 17240.0, 63232.0, 19150.0, 19262.0, 119714.0, 18195.0, 29994.0, 19817.0, 62979.0, 119414.0, 18533.0, 16705.0, 16689.0, 31368.0, 66285.0, 31358.0, 65689.0, 17534.0, 17245.0, 109599.0, 65548.0, 20109.0, 112542.0, 18276.0, 66288.0, 17650.0, 24725.0, 111819.0, 150477.0, 19428.0, 16890.0, 30055.0, 24932.0, 111721.0, 121713.0, 26071.0, 111739.0, 16967.0, 162307.0, 143153.0, 23450.0, 121073.0, 18434.0, 19873.0, 148750.0, 62243.0, 31895.0, 16668.0, 61585.0, 17173.0, 29855.0, 107817.0, 66394.0, 161853.0, 178834.0, 264628.0, 165284.0, 175798.0, 23547.0, 66453.0, 105538.0, 63224.0, 21593.0, 125580.0, 31764.0, 148669.0, 105616.0, 66504.0, 117026.0, 63725.0, 63639.0, 157307.0, 29902.0, 18037.0, 165578.0, 175607.0, 112572.0, 8060.0, 175083.0, 62139.0, 130598.0, 65162.0, 157498.0, 164365.0, 22267.0, 111940.0, 160753.0, 151544.0, 62315.0, 66286.0, 139705.0, 19124.0, 21521.0, 117845.0, 153876.0, 17877.0, 166556.0, 21191.0, 66155.0, 146607.0, 175722.0, 66158.0, 18182.0, 13289.0, 18358.0, 111179.0, 62919.0, 65958.0, 66210.0, 112295.0, 66355.0, 18385.0, 18035.0, 115960.0, 153616.0, 25481.0, 62365.0, 30647.0, 123998.0, 25852.0, 31718.0, 17659.0, 161005.0, 117034.0, 16989.0, 18524.0, 19137.0, 65230.0, 64228.0, 18695.0, 266160.0, 19366.0, 162759.0, 29946.0, 117018.0, 133764.0, 110243.0, 164724.0, 138541.0, 29944.0, 107644.0, 161942.0, 30140.0, 111675.0, 65924.0, 63058.0, 21525.0, 147312.0, 15153.0, 145954.0, 141667.0, 18008.0, 63272.0, 23357.0, 108664.0, 18301.0, 63402.0, 128039.0, 122779.0, 60990.0, 166197.0, 178120.0, 146091.0, 165465.0, 61224.0, 61796.0, 31028.0, 62575.0, 111537.0, 174597.0, 21728.0, 109981.0, 29061.0, 63178.0, 106373.0, 157969.0, 65136.0, 264309.0, 124597.0, 138305.0, 156219.0, 62157.0, 64784.0, 111872.0, 161085.0, 61055.0, 112254.0, 120038.0, 137370.0, 66200.0, 16957.0, 17641.0, 136844.0, 154499.0, 21423.0, 27886.0, 111640.0, 108302.0, 63820.0, 66597.0, 109198.0, 113339.0, 111527.0, 158313.0, 110103.0, 165630.0, 19023.0, 12956.0, 19067.0, 31385.0, 29903.0, 17848.0, 62123.0, 29513.0, 178420.0, 147690.0, 63275.0, 163841.0, 160776.0, 106829.0, 28058.0, 63721.0, 153449.0, 110940.0, 162825.0, 23554.0, 140582.0, 29917.0, 21194.0, 17269.0, 31218.0, 106846.0, 60938.0, 29466.0, 164934.0, 112433.0, 165513.0, 164647.0, 153895.0, 112884.0, 65225.0, 163667.0, 61815.0, 125234.0, 106352.0, 161940.0, 164705.0, 175121.0, 63720.0, 106770.0, 142624.0, 163069.0, 116209.0, 18946.0, 108193.0, 119014.0, 178091.0, 16829.0, 162961.0, 66289.0, 154583.0, 117117.0, 177856.0, 62527.0, 18979.0, 60953.0, 65003.0, 18442.0, 119914.0, 60845.0, 29300.0, 17795.0, 119436.0, 66263.0, 62517.0, 119154.0, 31501.0, 149379.0, 65050.0, 160788.0, 25395.0, 115516.0, 165916.0, 61394.0, 127478.0, 30857.0, 24204.0, 62212.0, 107327.0, 61586.0, 23369.0]",all
16,Banking - Large Cap,44,84,4056683278200.0,4056683278200.0,"[2968.0, 7647.0, 8007.0, 1447.0, 15633.0, 3243.0, 15706.0, 30990.0, 15743.0, 15580.0, 15582.0, 15362.0, 15581.0, 4723.0, 8245.0, 2019.0, 15576.0, 11856.0, 15620.0, 4699.0, 4640.0, 5786.0, 61452.0, 7982.0, 4690.0, 4674.0, 9783.0, 118042.0, 4601.0, 4737.0, 3231.0, 17150.0, 64547.0, 63781.0, 163920.0, 10916.0, 17095.0, 11687.0, 65228.0, 2002.0, 3643.0, 14219.0, 24447.0, 139025.0, 3238.0, 13041.0, 15208.0, 115876.0, 11861.0, 18049.0, 16832.0, 164633.0, 17248.0, 24232.0, 65106.0, 29282.0, 30222.0, 19713.0, 25339.0, 162560.0, 264731.0, 14115.0, 29101.0, 11842.0, 150306.0, 22086.0, 64794.0, 176766.0, 16889.0, 28022.0, 14172.0, 143974.0, 155738.0, 25173.0, 23500.0, 16821.0, 18948.0, 64536.0, 17151.0, 17184.0, 16790.0, 17132.0, 158587.0, 175263.0]",large_cap
17,Banking - Small Cap,44,84,3208718865.45,3208718865.45,"[12956.0, 19067.0, 31385.0, 29903.0, 17848.0, 62123.0, 29513.0, 178420.0, 147690.0, 63275.0, 163841.0, 160776.0, 106829.0, 28058.0, 63721.0, 153449.0, 110940.0, 162825.0, 23554.0, 140582.0, 29917.0, 21194.0, 17269.0, 31218.0, 106846.0, 60938.0, 29466.0, 164934.0, 112433.0, 165513.0, 164647.0, 153895.0, 112884.0, 65225.0, 163667.0, 61815.0, 125234.0, 106352.0, 161940.0, 164705.0, 175121.0, 63720.0, 106770.0, 142624.0, 163069.0, 116209.0, 18946.0, 108193.0, 119014.0, 178091.0, 16829.0, 162961.0, 66289.0, 154583.0, 117117.0, 177856.0, 62527.0, 18979.0, 60953.0, 65003.0, 18442.0, 119914.0, 60845.0, 29300.0, 17795.0, 119436.0, 66263.0, 62517.0, 119154.0, 31501.0, 149379.0, 65050.0, 160788.0, 25395.0, 115516.0, 165916.0, 61394.0, 127478.0, 30857.0, 24204.0, 62212.0, 107327.0, 61586.0, 23369.0]",small_cap
18,Beer & Liquor,4,13,281544571705.0,281544571705.0,"[8479.0, 28877.0, 2710.0, 3505.0, 2435.0, 209244.0, 61581.0, 14891.0, 3516.0, 162940.0, 15000.0, 30666.0, 25581.0]",all
21,Business Services,34,247,9266145642518.04,9266145642518.04,"[12141.0, 160329.0, 12142.0, 160225.0, 6066.0, 157855.0, 27928.0, 143357.0, 7163.0, 12540.0, 1891.0, 139665.0, 24975.0, 13421.0, 1878.0, 15704.0, 66065.0, 16721.0, 174302.0, 24925.0, 64630.0, 111534.0, 8402.0, 111864.0, 12635.0, 165993.0, 101944.0, 9225.0, 112111.0, 4423.0, 4066.0, 176092.0, 277846.0, 66368.0, 18699.0, 63185.0, 141277.0, 65605.0, 141913.0, 12441.0, 15855.0, 6216.0, 110620.0, 11811.0, 126056.0, 147988.0, 125595.0, 63172.0, 14352.0, 29985.0, 63290.0, 137131.0, 24783.0, 111880.0, 61870.0, 177983.0, 26061.0, 66326.0, 162449.0, 174077.0, 62823.0, 162385.0, 174310.0, 31564.0, 28590.0, 148170.0, 64901.0, 8832.0, 23027.0, 118267.0, 8599.0, 260893.0, 161997.0, 178310.0, 2312.0, 31752.0, 7161.0, 3336.0, 1410.0, 30536.0, 65986.0, 62266.0, 25749.0, 156153.0, 2536.0, 28923.0, 24352.0, 164086.0, 28717.0, 174637.0, 31477.0, 175654.0, 8334.0, 64302.0, 7648.0, 122172.0, 14370.0, 25367.0, 144437.0, 164660.0, 125074.0, 31460.0, 7882.0, 212596.0, 28410.0, 63596.0, 63476.0, 62213.0, 356257.0, 121759.0, 133766.0, 12568.0, 144520.0, 62262.0, 61179.0, 9551.0, 25201.0, 111000.0, 10685.0, 14113.0, 176021.0, 164312.0, 28862.0, 165923.0, 65587.0, 150562.0, 65955.0, 65540.0, 177111.0, 64929.0, 176523.0, 147849.0, 112820.0, 64492.0, 105394.0, 6379.0, 124036.0, 176251.0, 65021.0, 144396.0, 25138.0, 62723.0, 137943.0, 23464.0, 116166.0, 126318.0, 65460.0, 177528.0, 111629.0, 2519.0, 174428.0, 63417.0, 141359.0, 64061.0, 8892.0, 22207.0, 126020.0, 63144.0, 7183.0, 66402.0, 105873.0, 166593.0, 23108.0, 166226.0, 177734.0, 161789.0, 149721.0, 177943.0, 125601.0, 122175.0, 64673.0, 162561.0, 157755.0, 10353.0, 175908.0, 132602.0, 62057.0, 133869.0, 212296.0, 12377.0, 116025.0, 63454.0, 114881.0, 153128.0, 23226.0, 183139.0, 107446.0, 3915.0, 128160.0, 177780.0, 163850.0, 7841.0, 111667.0, 141337.0, 62178.0, 138521.0, 25302.0, 12545.0, 20269.0, 5050.0, 65905.0, 62302.0, 175299.0, 130498.0, 9376.0, 63516.0, 154134.0, 176082.0, 61321.0, 61836.0, 21663.0, 163708.0, 176768.0, 106957.0, 176722.0, 163058.0, 63938.0, 140172.0, 63337.0, 40564.0, 107762.0, 106126.0, 13316.0, 178882.0, 122202.0, 110529.0, 25540.0, 122148.0, 106272.0, 155941.0, 65595.0, 137356.0, 66010.0, 64021.0, 108557.0, 152990.0, 155894.0, 19253.0, 161103.0, 141308.0, 141537.0, 114188.0, 106229.0, 176304.0, 142539.0, 178494.0, 174140.0]",all
22,Business Services - Large Cap,34,49,9040350018321.0,9040350018321.0,"[12141.0, 160329.0, 12142.0, 160225.0, 6066.0, 157855.0, 27928.0, 143357.0, 7163.0, 12540.0, 1891.0, 139665.0, 24975.0, 13421.0, 1878.0, 15704.0, 66065.0, 16721.0, 174302.0, 24925.0, 64630.0, 111534.0, 8402.0, 111864.0, 12635.0, 165993.0, 101944.0, 9225.0, 112111.0, 4423.0, 4066.0, 176092.0, 277846.0, 66368.0, 18699.0, 63185.0, 141277.0, 65605.0, 141913.0, 12441.0, 15855.0, 6216.0, 110620.0, 11811.0, 126056.0, 147988.0, 125595.0, 63172.0, 14352.0]",large_cap
23,Business Services - Small Cap,34,49,361170881.3,361170881.3,"[20269.0, 5050.0, 65905.0, 62302.0, 175299.0, 130498.0, 9376.0, 63516.0, 154134.0, 176082.0, 61321.0, 61836.0, 21663.0, 163708.0, 176768.0, 106957.0, 176722.0, 163058.0, 63938.0, 140172.0, 63337.0, 40564.0, 107762.0, 106126.0, 13316.0, 178882.0, 122202.0, 110529.0, 25540.0, 122148.0, 106272.0, 155941.0, 65595.0, 137356.0, 66010.0, 64021.0, 108557.0, 152990.0, 155894.0, 19253.0, 161103.0, 141308.0, 141537.0, 114188.0, 106229.0, 176304.0, 142539.0, 178494.0, 174140.0]",small_cap
24,Business Supplies,38,19,96341509743.5,96341509743.5,"[6435.0, 6104.0, 1913.0, 14062.0, 16477.0, 210701.0, 5690.0, 20860.0, 7401.0, 14065.0, 4390.0, 165827.0, 15083.0, 14563.0, 11185.0, 166792.0, 108816.0, 176867.0, 1397.0]",all
30,Chemicals,14,63,630932359489.45,630932359489.45,"[25124.0, 9667.0, 1209.0, 100080.0, 16582.0, 241336.0, 8247.0, 6078.0, 4060.0, 29751.0, 8902.0, 163946.0, 160684.0, 162129.0, 29392.0, 4462.0, 5608.0, 1979.0, 162254.0, 276585.0, 112759.0, 11012.0, 2593.0, 20185.0, 4926.0, 13971.0, 28194.0, 1794.0, 11234.0, 8123.0, 25870.0, 110566.0, 162401.0, 4510.0, 144475.0, 179163.0, 1864.0, 61519.0, 164363.0, 6528.0, 163113.0, 28347.0, 157354.0, 106233.0, 140982.0, 12578.0, 163595.0, 164169.0, 156578.0, 65937.0, 1585.0, 20525.0, 162453.0, 126010.0, 19209.0, 24797.0, 112617.0, 25360.0, 25935.0, 63448.0, 15027.0, 25809.0, 21986.0]",all
31,Chemicals - Large Cap,14,12,531537980005.0,531537980005.0,"[25124.0, 9667.0, 1209.0, 100080.0, 16582.0, 241336.0, 8247.0, 6078.0, 4060.0, 29751.0, 8902.0, 163946.0]",large_cap
32,Chemicals - Small Cap,14,12,479140439.45,479140439.45,"[20525.0, 162453.0, 126010.0, 19209.0, 24797.0, 112617.0, 25360.0, 25935.0, 63448.0, 15027.0, 25809.0, 21986.0]",small_cap
36,Communication,32,62,943380383382.3,943380383382.3,"[3980.0, 9899.0, 2136.0, 3226.0, 164296.0, 126136.0, 2137.0, 2408.0, 179202.0, 9215.0, 220579.0, 13714.0, 135484.0, 30024.0, 2884.0, 175523.0, 30662.0, 149177.0, 64088.0, 10411.0, 4988.0, 14369.0, 8870.0, 160549.0, 176652.0, 28555.0, 62396.0, 147204.0, 178741.0, 244641.0, 60800.0, 9664.0, 3105.0, 12485.0, 20315.0, 24708.0, 14535.0, 24844.0, 123435.0, 62549.0, 5284.0, 111974.0, 27790.0, 7863.0, 125996.0, 65365.0, 177779.0, 15337.0, 108456.0, 13970.0, 161794.0, 121817.0, 124355.0, 120301.0, 123415.0, 129823.0, 106101.0, 105364.0, 112030.0, 140167.0, 160555.0, 140639.0]",all
37,Communication - Large Cap,32,12,864348893800.0,864348893800.0,"[3980.0, 9899.0, 2136.0, 3226.0, 164296.0, 126136.0, 2137.0, 2408.0, 179202.0, 9215.0, 220579.0, 13714.0]",large_cap
38,Communication - Small Cap,32,12,52796349.7,52796349.7,"[161794.0, 121817.0, 124355.0, 120301.0, 123415.0, 129823.0, 106101.0, 105364.0, 112030.0, 140167.0, 160555.0, 140639.0]",small_cap
39,Computers,35,44,735126128489.64,735126128489.64,"[20779.0, 11399.0, 150937.0, 14489.0, 13824.0, 176928.0, 165123.0, 61591.0, 5606.0, 10789.0, 21864.0, 176567.0, 121077.0, 102696.0, 24405.0, 2596.0, 109826.0, 10991.0, 3946.0, 119574.0, 122902.0, 8606.0, 16710.0, 30847.0, 135965.0, 135844.0, 11636.0, 138467.0, 2504.0, 2573.0, 65552.0, 8867.0, 30030.0, 1820.0, 63520.0, 133949.0, 25773.0, 146734.0, 105832.0, 105668.0, 175342.0, 30398.0, 108630.0, 106789.0]",all
42,Construction,18,29,329434378227.5,329434378227.5,"[66446.0, 25340.0, 64997.0, 6223.0, 6669.0, 8823.0, 12459.0, 2497.0, 12395.0, 4115.0, 5559.0, 66371.0, 175686.0, 4818.0, 21429.0, 14790.0, 12689.0, 8486.0, 12615.0, 105517.0, 19987.0, 31617.0, 148223.0, 29755.0, 5750.0, 179132.0, 23195.0, 174282.0, 61411.0]",all
45,Construction Materials,17,57,285406523119.932,285406523119.932,"[8358.0, 9778.0, 11456.0, 2771.0, 7085.0, 163036.0, 3580.0, 8214.0, 175689.0, 11094.0, 12445.0, 30260.0, 30032.0, 6821.0, 29156.0, 14330.0, 2820.0, 119316.0, 166482.0, 30421.0, 5987.0, 64254.0, 140366.0, 14042.0, 133367.0, 12379.0, 1686.0, 7512.0, 8105.0, 15038.0, 164116.0, 66602.0, 19431.0, 5621.0, 165981.0, 61709.0, 63593.0, 4186.0, 24099.0, 7911.0, 4019.0, 63595.0, 63952.0, 178644.0, 17845.0, 165489.0, 106897.0, 175078.0, 2999.0, 4607.0, 153814.0, 176832.0, 143688.0, 2618.0, 141139.0, 5678.0, 65850.0]",all
46,Construction Materials - Large Cap,17,11,227389282990.0,227389282990.0,"[8358.0, 9778.0, 11456.0, 2771.0, 7085.0, 163036.0, 3580.0, 8214.0, 175689.0, 11094.0, 12445.0]",large_cap
47,Construction Materials - Small Cap,17,11,105512645.12,105512645.12,"[106897.0, 175078.0, 2999.0, 4607.0, 153814.0, 176832.0, 143688.0, 2618.0, 141139.0, 5678.0, 65850.0]",small_cap
48,Consumer Goods,9,32,579347795920.0,579347795920.0,"[8762.0, 4213.0, 3170.0, 61567.0, 3026.0, 156861.0, 3121.0, 9771.0, 11465.0, 14309.0, 12389.0, 30312.0, 7875.0, 6543.0, 6649.0, 11670.0, 10056.0, 4194.0, 23252.0, 5572.0, 64028.0, 7951.0, 4771.0, 28118.0, 116504.0, 2080.0, 122211.0, 61285.0, 22049.0, 11930.0, 107016.0, 22496.0]",all
54,Electrical Equipment,22,46,420331659003.095,420331659003.095,"[9818.0, 4199.0, 9203.0, 5764.0, 146017.0, 2526.0, 9016.0, 25747.0, 160893.0, 4881.0, 8699.0, 1823.0, 24795.0, 141881.0, 19305.0, 5520.0, 10000.0, 28724.0, 6527.0, 25088.0, 61153.0, 13906.0, 166368.0, 141099.0, 25430.0, 29930.0, 26045.0, 15240.0, 148772.0, 20456.0, 13176.0, 174552.0, 260737.0, 179058.0, 65344.0, 141662.0, 162765.0, 145407.0, 30614.0, 108319.0, 14913.0, 106030.0, 108320.0, 66665.0, 108680.0, 29816.0]",all
57,Electronic Equipment,36,126,10924660483175.15,10924660483175.15,"[117768.0, 1690.0, 1161.0, 7343.0, 24800.0, 6008.0, 14282.0, 10499.0, 1632.0, 7985.0, 137310.0, 177267.0, 7585.0, 132740.0, 5492.0, 160888.0, 141459.0, 27965.0, 112158.0, 64356.0, 175404.0, 65380.0, 28195.0, 126721.0, 30170.0, 134932.0, 31255.0, 16597.0, 110039.0, 1327.0, 28139.0, 61562.0, 64853.0, 139804.0, 9599.0, 16401.0, 25274.0, 28940.0, 66393.0, 133288.0, 61356.0, 29241.0, 12945.0, 21238.0, 175955.0, 142814.0, 125604.0, 10008.0, 3969.0, 66032.0, 271823.0, 13200.0, 11191.0, 9216.0, 175982.0, 23084.0, 7685.0, 2577.0, 264416.0, 31843.0, 110760.0, 177426.0, 278234.0, 28236.0, 154039.0, 30576.0, 66686.0, 27794.0, 25166.0, 8348.0, 12482.0, 2124.0, 21743.0, 1117.0, 176572.0, 176035.0, 120860.0, 63531.0, 7291.0, 160213.0, 20483.0, 138501.0, 165551.0, 106965.0, 65590.0, 141178.0, 3358.0, 4450.0, 28385.0, 183547.0, 65036.0, 9154.0, 128121.0, 2829.0, 28374.0, 64278.0, 13582.0, 14112.0, 61646.0, 135044.0, 9799.0, 24912.0, 177058.0, 6848.0, 6416.0, 178153.0, 29332.0, 122229.0, 138841.0, 132525.0, 5932.0, 3962.0, 8176.0, 105478.0, 11027.0, 18549.0, 60801.0, 178865.0, 66385.0, 107087.0, 65998.0, 115162.0, 7350.0, 176752.0, 127114.0, 141621.0]",all
58,Electronic Equipment - Large Cap,36,25,10739143403315.0,10739143403315.0,"[117768.0, 1690.0, 1161.0, 7343.0, 24800.0, 6008.0, 14282.0, 10499.0, 1632.0, 7985.0, 137310.0, 177267.0, 7585.0, 132740.0, 5492.0, 160888.0, 141459.0, 27965.0, 112158.0, 64356.0, 175404.0, 65380.0, 28195.0, 126721.0, 30170.0]",large_cap
59,Electronic Equipment - Small Cap,36,25,402625460.55,402625460.55,"[24912.0, 177058.0, 6848.0, 6416.0, 178153.0, 29332.0, 122229.0, 138841.0, 132525.0, 5932.0, 3962.0, 8176.0, 105478.0, 11027.0, 18549.0, 60801.0, 178865.0, 66385.0, 107087.0, 65998.0, 115162.0, 7350.0, 176752.0, 127114.0, 141621.0]",small_cap
60,Entertainment,7,32,570823145329.0,570823145329.0,"[147579.0, 161844.0, 165746.0, 125240.0, 149318.0, 14418.0, 3028.0, 64344.0, 177108.0, 28378.0, 30259.0, 28704.0, 13710.0, 117036.0, 157476.0, 108592.0, 7022.0, 174314.0, 154235.0, 28749.0, 31099.0, 66301.0, 20930.0, 9367.0, 155616.0, 29151.0, 154360.0, 147303.0, 31629.0, 137721.0, 63388.0, 178578.0]",all
63,Fabricated Products,20,10,16767058555.0,16767058555.0,"[25964.0, 1926.0, 15252.0, 5254.0, 65441.0, 7602.0, 9647.0, 17616.0, 64121.0, 20523.0]",all
66,Food Products,2,47,593795375444.0,593795375444.0,"[16603.0, 142953.0, 5568.0, 1722.0, 5597.0, 5071.0, 7146.0, 144435.0, 10793.0, 5709.0, 215422.0, 65613.0, 9777.0, 12785.0, 2663.0, 3362.0, 66016.0, 30651.0, 6573.0, 64072.0, 4809.0, 2675.0, 12825.0, 10609.0, 163983.0, 24755.0, 130638.0, 20879.0, 12761.0, 7696.0, 15087.0, 21506.0, 158743.0, 7770.0, 8582.0, 29517.0, 29609.0, 2390.0, 4579.0, 149662.0, 160196.0, 21875.0, 11976.0, 106378.0, 10598.0, 108586.0, 105796.0]",all
69,Healthcare,11,30,224814343212.8,224814343212.8,"[7241.0, 14960.0, 64166.0, 7750.0, 11032.0, 12589.0, 178803.0, 61483.0, 2960.0, 13071.0, 164652.0, 7741.0, 61325.0, 125794.0, 13992.0, 5539.0, 25318.0, 61490.0, 23714.0, 160864.0, 25472.0, 4826.0, 12304.0, 23790.0, 66274.0, 1559.0, 13733.0, 110728.0, 166485.0, 64599.0]",all
72,Insurance,45,95,2111661490221.6,2111661490221.6,"[10903.0, 13341.0, 28034.0, 7065.0, 145046.0, 3221.0, 2547.0, 4973.0, 62689.0, 160709.0, 124042.0, 1449.0, 28349.0, 133768.0, 1487.0, 16431.0, 16428.0, 143356.0, 61739.0, 162491.0, 61302.0, 133289.0, 144009.0, 8702.0, 27914.0, 15417.0, 12909.0, 14822.0, 14824.0, 6781.0, 145552.0, 165264.0, 61388.0, 28216.0, 61380.0, 12726.0, 61406.0, 2558.0, 157057.0, 129472.0, 8431.0, 14828.0, 10614.0, 152149.0, 6742.0, 153130.0, 24379.0, 61408.0, 13342.0, 17035.0, 11729.0, 17115.0, 25895.0, 157955.0, 16426.0, 12603.0, 158354.0, 24225.0, 157353.0, 21503.0, 10086.0, 24678.0, 24440.0, 148469.0, 176591.0, 26016.0, 17252.0, 164572.0, 177640.0, 178823.0, 176973.0, 14401.0, 61743.0, 13561.0, 24287.0, 6333.0, 156384.0, 16775.0, 4485.0, 3581.0, 17180.0, 19021.0, 6791.0, 22338.0, 174389.0, 108559.0, 16714.0, 166582.0, 16671.0, 124395.0, 25923.0, 175548.0, 1097.0, 151063.0, 142820.0]",all
73,Insurance - Large Cap,45,19,1504961309860.0,1504961309860.0,"[10903.0, 13341.0, 28034.0, 7065.0, 145046.0, 3221.0, 2547.0, 4973.0, 62689.0, 160709.0, 124042.0, 1449.0, 28349.0, 133768.0, 1487.0, 16431.0, 16428.0, 143356.0, 61739.0]",large_cap
74,Insurance - Small Cap,45,19,2300751215.0,2300751215.0,"[156384.0, 16775.0, 4485.0, 3581.0, 17180.0, 19021.0, 6791.0, 22338.0, 174389.0, 108559.0, 16714.0, 166582.0, 16671.0, 124395.0, 25923.0, 175548.0, 1097.0, 151063.0, 142820.0]",small_cap
75,Machinery,21,87,1432892589635.002,1432892589635.002,"[2817.0, 6565.0, 1704.0, 3835.0, 5959.0, 6268.0, 5878.0, 3650.0, 30098.0, 4058.0, 8463.0, 122380.0, 5860.0, 164557.0, 5252.0, 7921.0, 15267.0, 6737.0, 137573.0, 10016.0, 5087.0, 4108.0, 25180.0, 10618.0, 13570.0, 7486.0, 21542.0, 10581.0, 63892.0, 2444.0, 65009.0, 7991.0, 25922.0, 29478.0, 64624.0, 137602.0, 6509.0, 6386.0, 1050.0, 27960.0, 142956.0, 1706.0, 28903.0, 11124.0, 65671.0, 10441.0, 31424.0, 5237.0, 14954.0, 12262.0, 28295.0, 62221.0, 6994.0, 14064.0, 142260.0, 160453.0, 7658.0, 10777.0, 14898.0, 20392.0, 10349.0, 8864.0, 7185.0, 4497.0, 137373.0, 5788.0, 115411.0, 179249.0, 29894.0, 10740.0, 65867.0, 28819.0, 62819.0, 122775.0, 160291.0, 2581.0, 108507.0, 15327.0, 162462.0, 1783.0, 176785.0, 66579.0, 106627.0, 12807.0, 152968.0, 25712.0, 148749.0]",all
76,Machinery - Large Cap,21,17,1275772056150.0,1275772056150.0,"[2817.0, 6565.0, 1704.0, 3835.0, 5959.0, 6268.0, 5878.0, 3650.0, 30098.0, 4058.0, 8463.0, 122380.0, 5860.0, 164557.0, 5252.0, 7921.0, 15267.0]",large_cap
77,Machinery - Small Cap,21,17,322060633.502,322060633.502,"[65867.0, 28819.0, 62819.0, 122775.0, 160291.0, 2581.0, 108507.0, 15327.0, 162462.0, 1783.0, 176785.0, 66579.0, 106627.0, 12807.0, 152968.0, 25712.0, 148749.0]",small_cap
78,Measuring and Control Equipment,37,53,963877439478.228,963877439478.228,"[10530.0, 3735.0, 6304.0, 4321.0, 1598.0, 126554.0, 10453.0, 14561.0, 65772.0, 61574.0, 138205.0, 22815.0, 100174.0, 4145.0, 119275.0, 63186.0, 133905.0, 126423.0, 138483.0, 2220.0, 16188.0, 1968.0, 23224.0, 133564.0, 148390.0, 29133.0, 3158.0, 65286.0, 62217.0, 4900.0, 7275.0, 177879.0, 65896.0, 6410.0, 64915.0, 31214.0, 166583.0, 31775.0, 141469.0, 3761.0, 178198.0, 114203.0, 108532.0, 4275.0, 22729.0, 66429.0, 178303.0, 9490.0, 61766.0, 64645.0, 143788.0, 125600.0, 145027.0]",all
79,Measuring and Control Equipment - Large Cap,37,10,809872010550.0,809872010550.0,"[10530.0, 3735.0, 6304.0, 4321.0, 1598.0, 126554.0, 10453.0, 14561.0, 65772.0, 61574.0]",large_cap
80,Measuring and Control Equipment - Small Cap,37,10,71932145.428,71932145.428,"[4275.0, 22729.0, 66429.0, 178303.0, 9490.0, 61766.0, 64645.0, 143788.0, 125600.0, 145027.0]",small_cap
81,Medical Equipment,12,74,1163651367216.4,1163651367216.4,"[1078.0, 136725.0, 25279.0, 10115.0, 7228.0, 2111.0, 133366.0, 31887.0, 162887.0, 25313.0, 177227.0, 144559.0, 20904.0, 3504.0, 141384.0, 2086.0, 177881.0, 7420.0, 10407.0, 21777.0, 65607.0, 24021.0, 25110.0, 27810.0, 166555.0, 140073.0, 13700.0, 27823.0, 163889.0, 174390.0, 29449.0, 13623.0, 143282.0, 9969.0, 61181.0, 28380.0, 264387.0, 162146.0, 64327.0, 140023.0, 13239.0, 166430.0, 160375.0, 23623.0, 11051.0, 1104.0, 12719.0, 12458.0, 176670.0, 63029.0, 12597.0, 3807.0, 151423.0, 163965.0, 66366.0, 107038.0, 65070.0, 165750.0, 29319.0, 143526.0, 61496.0, 62168.0, 178847.0, 165514.0, 176503.0, 116903.0, 164293.0, 21116.0, 129441.0, 63122.0, 27983.0, 144381.0, 25711.0, 4124.0]",all
82,Medical Equipment - Large Cap,12,14,1078751267890.0,1078751267890.0,"[1078.0, 136725.0, 25279.0, 10115.0, 7228.0, 2111.0, 133366.0, 31887.0, 162887.0, 25313.0, 177227.0, 144559.0, 20904.0, 3504.0]",large_cap
83,Medical Equipment - Small Cap,12,14,128277410.9,128277410.9,"[61496.0, 62168.0, 178847.0, 165514.0, 176503.0, 116903.0, 164293.0, 21116.0, 129441.0, 63122.0, 27983.0, 144381.0, 25711.0, 4124.0]",small_cap
84,Non-Metallic and Industrial Metal Mining,28,303,721557615712.823,721557615712.823,"[13312.0, 61811.0, 220509.0, 14590.0, 212427.0, 24370.0, 11228.0, 29733.0, 10385.0, 106464.0, 108297.0, 212658.0, 107781.0, 126634.0, 165798.0, 107712.0, 8947.0, 247885.0, 64775.0, 179107.0, 25092.0, 106503.0, 130525.0, 66431.0, 20500.0, 107194.0, 107637.0, 124199.0, 177887.0, 153129.0, 157153.0, 31602.0, 107150.0, 174280.0, 118441.0, 165637.0, 27545.0, 64562.0, 272833.0, 166504.0, 160703.0, 107032.0, 264426.0, 155225.0, 137862.0, 64517.0, 107561.0, 65349.0, 161860.0, 142606.0, 24627.0, 178735.0, 118181.0, 177626.0, 105341.0, 140615.0, 66170.0, 64935.0, 107578.0, 106680.0, 110774.0, 285660.0, 106864.0, 179124.0, 107298.0, 106629.0, 140387.0, 106351.0, 6233.0, 105489.0, 106996.0, 107393.0, 106861.0, 274075.0, 165773.0, 106045.0, 153815.0, 107551.0, 165535.0, 106998.0, 135145.0, 105249.0, 164065.0, 177851.0, 107075.0, 138020.0, 13558.0, 107503.0, 25960.0, 106003.0, 175514.0, 63075.0, 182979.0, 20529.0, 150730.0, 21859.0, 108493.0, 108344.0, 30473.0, 66495.0, 162973.0, 106051.0, 107965.0, 121376.0, 141137.0, 106363.0, 105335.0, 106049.0, 105615.0, 140191.0, 141302.0, 164540.0, 163797.0, 137091.0, 145022.0, 152752.0, 106849.0, 108281.0, 176227.0, 165676.0, 140402.0, 106098.0, 175359.0, 107134.0, 175304.0, 105673.0, 105475.0, 176185.0, 21951.0, 105609.0, 107859.0, 26353.0, 106390.0, 106419.0, 160673.0, 127616.0, 176529.0, 108045.0, 107613.0, 143055.0, 177443.0, 179143.0, 22570.0, 106689.0, 21879.0, 107057.0, 143299.0, 140207.0, 166505.0, 176751.0, 108585.0, 106026.0, 165896.0, 66072.0, 105435.0, 156353.0, 164334.0, 165490.0, 156866.0, 108479.0, 107445.0, 140237.0, 158788.0, 119920.0, 157573.0, 106450.0, 178094.0, 177551.0, 105630.0, 178657.0, 175012.0, 108688.0, 106527.0, 107825.0, 106353.0, 178253.0, 165210.0, 108650.0, 107693.0, 108291.0, 134824.0, 108144.0, 65966.0, 107048.0, 31698.0, 107634.0, 106324.0, 28402.0, 178734.0, 26189.0, 105603.0, 106064.0, 143135.0, 105983.0, 178037.0, 144077.0, 178251.0, 164121.0, 107363.0, 140070.0, 160715.0, 106529.0, 140233.0, 109682.0, 65075.0, 105460.0, 105573.0, 164630.0, 105712.0, 105413.0, 162554.0, 106357.0, 116849.0, 141761.0, 64203.0, 105938.0, 31626.0, 183316.0, 129520.0, 106621.0, 107391.0, 66467.0, 154037.0, 142229.0, 108080.0, 106603.0, 162596.0, 21941.0, 108383.0, 66427.0, 65688.0, 176958.0, 108237.0, 140341.0, 108328.0, 162640.0, 108884.0, 106870.0, 164723.0, 106457.0, 176380.0, 108732.0, 64551.0, 106089.0, 107651.0, 107744.0, 2777.0, 264229.0, 163743.0, 111730.0, 155515.0, 166669.0, 141810.0, 107217.0, 105248.0, 106752.0, 141722.0, 106995.0, 106234.0, 106071.0, 176193.0, 105901.0, 105429.0, 105266.0, 26675.0, 108359.0, 107915.0, 176230.0, 105247.0, 127380.0, 151593.0, 176477.0, 106670.0, 163086.0, 106456.0, 178388.0, 107920.0, 107592.0, 106661.0, 141812.0, 175071.0, 165561.0, 164262.0, 105856.0, 107469.0, 108665.0, 105997.0, 106016.0, 105452.0, 65837.0, 65259.0, 107390.0, 177798.0, 166253.0, 106941.0, 106000.0, 105711.0, 176647.0, 105334.0, 106683.0, 140248.0, 147086.0, 20585.0]",all
85,Non-Metallic and Industrial Metal Mining - Large Cap,28,60,714867306853.675,714867306853.675,"[13312.0, 61811.0, 220509.0, 14590.0, 212427.0, 24370.0, 11228.0, 29733.0, 10385.0, 106464.0, 108297.0, 212658.0, 107781.0, 126634.0, 165798.0, 107712.0, 8947.0, 247885.0, 64775.0, 179107.0, 25092.0, 106503.0, 130525.0, 66431.0, 20500.0, 107194.0, 107637.0, 124199.0, 177887.0, 153129.0, 157153.0, 31602.0, 107150.0, 174280.0, 118441.0, 165637.0, 27545.0, 64562.0, 272833.0, 166504.0, 160703.0, 107032.0, 264426.0, 155225.0, 137862.0, 64517.0, 107561.0, 65349.0, 161860.0, 142606.0, 24627.0, 178735.0, 118181.0, 177626.0, 105341.0, 140615.0, 66170.0, 64935.0, 107578.0, 106680.0]",large_cap
86,Non-Metallic and Industrial Metal Mining - Small Cap,28,60,76393051.914,76393051.914,"[106089.0, 107651.0, 107744.0, 2777.0, 264229.0, 163743.0, 111730.0, 155515.0, 166669.0, 141810.0, 107217.0, 105248.0, 106752.0, 141722.0, 106995.0, 106234.0, 106071.0, 176193.0, 105901.0, 105429.0, 105266.0, 26675.0, 108359.0, 107915.0, 176230.0, 105247.0, 127380.0, 151593.0, 176477.0, 106670.0, 163086.0, 106456.0, 178388.0, 107920.0, 107592.0, 106661.0, 141812.0, 175071.0, 165561.0, 164262.0, 105856.0, 107469.0, 108665.0, 105997.0, 106016.0, 105452.0, 65837.0, 65259.0, 107390.0, 177798.0, 166253.0, 106941.0, 106000.0, 105711.0, 176647.0, 105334.0, 106683.0, 140248.0, 147086.0, 20585.0]",small_cap
87,Personal Services,33,28,137120751480.3,137120751480.3,"[3062.0, 9611.0, 9299.0, 65275.0, 2269.0, 3278.0, 3905.0, 11300.0, 126474.0, 178976.0, 66379.0, 63338.0, 5600.0, 156633.0, 109919.0, 1393.0, 163668.0, 178797.0, 63456.0, 65732.0, 24350.0, 162891.0, 145308.0, 25331.0, 9023.0, 65418.0, 144667.0, 143712.0]",all
90,Petroleum and Natural Gas,30,149,1690076107293.0,1690076107293.0,"[4503.0, 2991.0, 8549.0, 15055.0, 112876.0, 9465.0, 16478.0, 15070.0, 15247.0, 5903.0, 29453.0, 8068.0, 4430.0, 27786.0, 5439.0, 14934.0, 20548.0, 105239.0, 11781.0, 122194.0, 1678.0, 5667.0, 6788.0, 4367.0, 120093.0, 28338.0, 11925.0, 7620.0, 26069.0, 2270.0, 106156.0, 181105.0, 5581.0, 178672.0, 154774.0, 20676.0, 29135.0, 8079.0, 8850.0, 29108.0, 26013.0, 142337.0, 166477.0, 166563.0, 22447.0, 165846.0, 106062.0, 142443.0, 27265.0, 30075.0, 21237.0, 8901.0, 174395.0, 20695.0, 64107.0, 65006.0, 105786.0, 1661.0, 62961.0, 61759.0, 175616.0, 66318.0, 184744.0, 176899.0, 271424.0, 27813.0, 114211.0, 20684.0, 176103.0, 7422.0, 27199.0, 27013.0, 160327.0, 105222.0, 10877.0, 6311.0, 12198.0, 163822.0, 108349.0, 160341.0, 163712.0, 147183.0, 64568.0, 176840.0, 108163.0, 164046.0, 5583.0, 62626.0, 125238.0, 20300.0, 20323.0, 26028.0, 178674.0, 155224.0, 165554.0, 146659.0, 26131.0, 105590.0, 3806.0, 177938.0, 119013.0, 10938.0, 62311.0, 29769.0, 22010.0, 22962.0, 65464.0, 24131.0, 176319.0, 7309.0, 174169.0, 108777.0, 106210.0, 176408.0, 2052.0, 163640.0, 105646.0, 108286.0, 11779.0, 110166.0, 164391.0, 107280.0, 140623.0, 106443.0, 105596.0, 106638.0, 105659.0, 65511.0, 65274.0, 163949.0, 20601.0, 28791.0, 175006.0, 12088.0, 163607.0, 176814.0, 110381.0, 19692.0, 108841.0, 164218.0, 107506.0, 106582.0, 109761.0, 108014.0, 107359.0, 123098.0, 105229.0, 177926.0, 175118.0]",all
91,Petroleum and Natural Gas - Large Cap,30,29,1622366296252.0,1622366296252.0,"[4503.0, 2991.0, 8549.0, 15055.0, 112876.0, 9465.0, 16478.0, 15070.0, 15247.0, 5903.0, 29453.0, 8068.0, 4430.0, 27786.0, 5439.0, 14934.0, 20548.0, 105239.0, 11781.0, 122194.0, 1678.0, 5667.0, 6788.0, 4367.0, 120093.0, 28338.0, 11925.0, 7620.0, 26069.0]",large_cap
92,Petroleum and Natural Gas - Small Cap,30,29,92837896.10000001,92837896.10000001,"[164391.0, 107280.0, 140623.0, 106443.0, 105596.0, 106638.0, 105659.0, 65511.0, 65274.0, 163949.0, 20601.0, 28791.0, 175006.0, 12088.0, 163607.0, 176814.0, 110381.0, 19692.0, 108841.0, 164218.0, 107506.0, 106582.0, 109761.0, 108014.0, 107359.0, 123098.0, 105229.0, 177926.0, 175118.0]",small_cap
93,Pharmaceutical Products,13,171,3071838285132.465,3071838285132.465,"[6730.0, 6266.0, 7257.0, 1602.0, 24856.0, 8530.0, 101204.0, 24344.0, 2403.0, 23812.0, 24197.0, 264265.0, 136186.0, 24468.0, 121440.0, 29127.0, 7637.0, 62921.0, 24040.0, 133885.0, 122257.0, 177287.0, 12181.0, 15414.0, 28806.0, 151630.0, 158563.0, 61711.0, 24302.0, 141846.0, 175008.0, 25937.0, 146616.0, 162335.0, 175966.0, 29955.0, 64857.0, 117829.0, 7526.0, 24782.0, 64334.0, 176636.0, 141496.0, 160340.0, 29837.0, 16453.0, 253527.0, 160668.0, 14269.0, 17199.0, 61655.0, 62475.0, 30137.0, 63405.0, 133468.0, 177228.0, 176022.0, 61399.0, 106261.0, 166435.0, 65376.0, 133868.0, 176992.0, 24996.0, 7799.0, 63863.0, 164720.0, 144887.0, 12252.0, 166447.0, 62169.0, 25578.0, 12713.0, 260838.0, 150221.0, 143909.0, 13786.0, 12818.0, 155387.0, 61174.0, 12915.0, 178413.0, 62592.0, 138781.0, 133871.0, 28209.0, 66697.0, 170450.0, 106808.0, 129466.0, 12717.0, 14983.0, 137642.0, 126122.0, 25027.0, 27939.0, 254096.0, 162892.0, 65944.0, 13235.0, 157865.0, 12711.0, 22817.0, 161840.0, 137441.0, 65280.0, 119615.0, 178291.0, 109822.0, 10902.0, 152008.0, 140042.0, 29086.0, 166491.0, 107843.0, 160997.0, 127514.0, 9330.0, 13765.0, 145577.0, 264430.0, 4632.0, 112968.0, 175505.0, 118183.0, 165266.0, 13484.0, 63030.0, 138341.0, 2990.0, 61880.0, 127034.0, 3691.0, 119297.0, 63446.0, 65703.0, 7662.0, 155913.0, 160809.0, 165215.0, 177764.0, 63562.0, 175424.0, 153957.0, 148239.0, 106854.0, 144650.0, 31102.0, 153893.0, 25750.0, 12575.0, 62525.0, 154605.0, 27906.0, 175601.0, 64717.0, 4409.0, 31418.0, 22401.0, 146539.0, 186772.0, 105331.0, 24036.0, 108767.0, 148429.0, 21187.0, 175649.0, 61140.0, 176600.0, 29165.0, 23570.0]",all
94,Pharmaceutical Products - Large Cap,13,34,3025530256640.0,3025530256640.0,"[6730.0, 6266.0, 7257.0, 1602.0, 24856.0, 8530.0, 101204.0, 24344.0, 2403.0, 23812.0, 24197.0, 264265.0, 136186.0, 24468.0, 121440.0, 29127.0, 7637.0, 62921.0, 24040.0, 133885.0, 122257.0, 177287.0, 12181.0, 15414.0, 28806.0, 151630.0, 158563.0, 61711.0, 24302.0, 141846.0, 175008.0, 25937.0, 146616.0, 162335.0]",large_cap
95,Pharmaceutical Products - Small Cap,13,34,119915618.125,119915618.125,"[155913.0, 160809.0, 165215.0, 177764.0, 63562.0, 175424.0, 153957.0, 148239.0, 106854.0, 144650.0, 31102.0, 153893.0, 25750.0, 12575.0, 62525.0, 154605.0, 27906.0, 175601.0, 64717.0, 4409.0, 31418.0, 22401.0, 146539.0, 186772.0, 105331.0, 24036.0, 108767.0, 148429.0, 21187.0, 175649.0, 61140.0, 176600.0, 29165.0, 23570.0]",small_cap
96,Precious Metals,27,170,598961769237.42,598961769237.42,"[7881.0, 1186.0, 2055.0, 105861.0, 8644.0, 259543.0, 20670.0, 65744.0, 123455.0, 5560.0, 108804.0, 3153.0, 62337.0, 108768.0, 143297.0, 26539.0, 106112.0, 20007.0, 107710.0, 260651.0, 179060.0, 27519.0, 178874.0, 26768.0, 175230.0, 20600.0, 106203.0, 107098.0, 160779.0, 108265.0, 107245.0, 128765.0, 108326.0, 108110.0, 9728.0, 13400.0, 106225.0, 144183.0, 107005.0, 66246.0, 166218.0, 108510.0, 140394.0, 13520.0, 163746.0, 176133.0, 28852.0, 160862.0, 17041.0, 106681.0, 149560.0, 65635.0, 26914.0, 12321.0, 5205.0, 20646.0, 149603.0, 166286.0, 178675.0, 139227.0, 20629.0, 107447.0, 133471.0, 149819.0, 141307.0, 175503.0, 133947.0, 106465.0, 107340.0, 132358.0, 126036.0, 176368.0, 64941.0, 108209.0, 108264.0, 22002.0, 176786.0, 23731.0, 108288.0, 118521.0, 20811.0, 12860.0, 162376.0, 105522.0, 106666.0, 178290.0, 108722.0, 176854.0, 140383.0, 26141.0, 63332.0, 122272.0, 175474.0, 106701.0, 106803.0, 106510.0, 65366.0, 66560.0, 179157.0, 163871.0, 164073.0, 165672.0, 108543.0, 107632.0, 175495.0, 142090.0, 107593.0, 64636.0, 108233.0, 157481.0, 145102.0, 107158.0, 127636.0, 65804.0, 20876.0, 273614.0, 177044.0, 175664.0, 106227.0, 107749.0, 140187.0, 27648.0, 114487.0, 166219.0, 107285.0, 175661.0, 105810.0, 20864.0, 105751.0, 160849.0, 107143.0, 156738.0, 142885.0, 105594.0, 177451.0, 116385.0, 106837.0, 140367.0, 106871.0, 106632.0, 157475.0, 65921.0, 165738.0, 174059.0, 65119.0, 26639.0, 177942.0, 142501.0, 177425.0, 106070.0, 179168.0, 106199.0, 106649.0, 157359.0, 140719.0, 145892.0, 105572.0, 141309.0, 65188.0, 26236.0, 140398.0, 147618.0, 108292.0, 176340.0, 162893.0, 107476.0, 162066.0, 178720.0, 106482.0, 106561.0]",all
97,Precious Metals - Large Cap,27,34,583509067965.0,583509067965.0,"[7881.0, 1186.0, 2055.0, 105861.0, 8644.0, 259543.0, 20670.0, 65744.0, 123455.0, 5560.0, 108804.0, 3153.0, 62337.0, 108768.0, 143297.0, 26539.0, 106112.0, 20007.0, 107710.0, 260651.0, 179060.0, 27519.0, 178874.0, 26768.0, 175230.0, 20600.0, 106203.0, 107098.0, 160779.0, 108265.0, 107245.0, 128765.0, 108326.0, 108110.0]",large_cap
98,Precious Metals - Small Cap,27,34,96653044.395,96653044.395,"[106837.0, 140367.0, 106871.0, 106632.0, 157475.0, 65921.0, 165738.0, 174059.0, 65119.0, 26639.0, 177942.0, 142501.0, 177425.0, 106070.0, 179168.0, 106199.0, 106649.0, 157359.0, 140719.0, 145892.0, 105572.0, 141309.0, 65188.0, 26236.0, 140398.0, 147618.0, 108292.0, 176340.0, 162893.0, 107476.0, 162066.0, 178720.0, 106482.0, 106561.0]",small_cap
99,Printing and Publishing,8,11,15072350410.0,15072350410.0,"[7866.0, 11499.0, 3863.0, 9466.0, 11099.0, 5224.0, 155313.0, 6639.0, 106609.0, 22448.0, 148851.0]",all
102,Real Estate,46,50,122160749504.65001,122160749504.65001,"[260774.0, 205655.0, 65108.0, 28485.0, 174729.0, 22970.0, 65084.0, 31411.0, 163968.0, 25632.0, 179077.0, 155613.0, 1096.0, 3410.0, 15096.0, 12926.0, 7117.0, 15059.0, 8826.0, 1545.0, 5246.0, 14924.0, 25462.0, 14639.0, 10629.0, 113421.0, 161072.0, 1618.0, 141257.0, 155519.0, 7138.0, 2735.0, 122160.0, 4707.0, 182497.0, 110963.0, 111003.0, 115813.0, 14394.0, 5395.0, 105941.0, 22861.0, 15098.0, 65851.0, 112967.0, 139133.0, 165969.0, 11372.0, 31172.0, 10235.0]",all
103,Real Estate - Large Cap,46,10,113984812920.0,113984812920.0,"[260774.0, 205655.0, 65108.0, 28485.0, 174729.0, 22970.0, 65084.0, 31411.0, 163968.0, 25632.0]",large_cap
104,Real Estate - Small Cap,46,10,98556461.25,98556461.25,"[105941.0, 22861.0, 15098.0, 65851.0, 112967.0, 139133.0, 165969.0, 11372.0, 31172.0, 10235.0]",small_cap
105,Recreation,6,16,25174236672.5,25174236672.5,"[5518.0, 7116.0, 163118.0, 24978.0, 62745.0, 4448.0, 130199.0, 22373.0, 164276.0, 61030.0, 27828.0, 6497.0, 4322.0, 156583.0, 30964.0, 162233.0]",all
108,"Restaurants, Hotels, Motels",43,37,583309228378.9,583309228378.9,"[7154.0, 25434.0, 28930.0, 165914.0, 65417.0, 164471.0, 31846.0, 160211.0, 160376.0, 29011.0, 3007.0, 12544.0, 25737.0, 3708.0, 28397.0, 160785.0, 63739.0, 3424.0, 106660.0, 3570.0, 13092.0, 19398.0, 164300.0, 61418.0, 162031.0, 148470.0, 7632.0, 4759.0, 3369.0, 11872.0, 162425.0, 8653.0, 13759.0, 22543.0, 7914.0, 141018.0, 22549.0]",all
111,Retail,42,98,5274805044487.6,5274805044487.6,"[64768.0, 11259.0, 29028.0, 5680.0, 11672.0, 6829.0, 178081.0, 28180.0, 9248.0, 23809.0, 6771.0, 64655.0, 3813.0, 6502.0, 114524.0, 102276.0, 178704.0, 29736.0, 11443.0, 31587.0, 11511.0, 2807.0, 21894.0, 2184.0, 150139.0, 63847.0, 4990.0, 145049.0, 64175.0, 9063.0, 3964.0, 24157.0, 29150.0, 2703.0, 4611.0, 63643.0, 64410.0, 65718.0, 14312.0, 144640.0, 30059.0, 6733.0, 65343.0, 15520.0, 111873.0, 25234.0, 145977.0, 25283.0, 23994.0, 11343.0, 175900.0, 6672.0, 65831.0, 62501.0, 24430.0, 12972.0, 166213.0, 63000.0, 161055.0, 133767.0, 111103.0, 27938.0, 176343.0, 162988.0, 2436.0, 64686.0, 174185.0, 61735.0, 11178.0, 147868.0, 5523.0, 12096.0, 163051.0, 24171.0, 5109.0, 13602.0, 158779.0, 175532.0, 122519.0, 13962.0, 65430.0, 174147.0, 65406.0, 9034.0, 2818.0, 13381.0, 66261.0, 176593.0, 148391.0, 28675.0, 142129.0, 118941.0, 165557.0, 105273.0, 61381.0, 178906.0, 166740.0, 157861.0]",all
112,Retail - Large Cap,42,19,5015327421112.0,5015327421112.0,"[64768.0, 11259.0, 29028.0, 5680.0, 11672.0, 6829.0, 178081.0, 28180.0, 9248.0, 23809.0, 6771.0, 64655.0, 3813.0, 6502.0, 114524.0, 102276.0, 178704.0, 29736.0, 11443.0]",large_cap
113,Retail - Small Cap,42,19,682650175.6,682650175.6,"[13962.0, 65430.0, 174147.0, 65406.0, 9034.0, 2818.0, 13381.0, 66261.0, 176593.0, 148391.0, 28675.0, 142129.0, 118941.0, 165557.0, 105273.0, 61381.0, 178906.0, 166740.0, 157861.0]",small_cap
114,Rubber and Plastic Products,15,11,39682315947.0,39682315947.0,"[11376.0, 28176.0, 9555.0, 148950.0, 7636.0, 266263.0, 14794.0, 4412.0, 62072.0, 31337.0, 65765.0]",all
123,Steel Works Etc,19,31,249890812009.4,249890812009.4,"[3532.0, 8030.0, 64030.0, 2787.0, 10405.0, 12383.0, 64894.0, 15343.0, 3246.0, 3107.0, 103176.0, 62516.0, 2448.0, 11600.0, 24293.0, 29131.0, 5496.0, 10930.0, 4498.0, 61635.0, 15459.0, 29692.0, 10236.0, 4903.0, 122154.0, 1613.0, 146117.0, 151365.0, 62553.0, 64523.0, 140182.0]",all
130,Trading,47,239,3308062938632.74,3308062938632.74,"[12124.0, 114628.0, 13988.0, 124434.0, 144496.0, 5543.0, 29984.0, 177088.0, 2369.0, 149070.0, 163610.0, 105365.0, 138743.0, 29389.0, 149337.0, 160991.0, 30822.0, 243774.0, 164708.0, 10096.0, 15699.0, 178507.0, 178997.0, 113490.0, 110179.0, 10035.0, 8898.0, 176701.0, 160479.0, 29875.0, 62374.0, 28733.0, 12138.0, 121382.0, 10504.0, 145701.0, 9273.0, 30293.0, 29649.0, 29359.0, 65556.0, 66354.0, 24731.0, 174744.0, 25633.0, 6682.0, 11770.0, 15399.0, 29099.0, 4885.0, 7063.0, 10894.0, 27875.0, 28629.0, 29804.0, 13125.0, 63422.0, 64925.0, 14333.0, 9317.0, 64766.0, 4193.0, 160373.0, 4605.0, 64821.0, 30067.0, 160990.0, 6100.0, 65886.0, 30384.0, 12140.0, 158742.0, 11220.0, 8605.0, 24620.0, 28322.0, 14326.0, 209985.0, 266315.0, 31521.0, 29868.0, 162559.0, 157293.0, 64306.0, 65615.0, 3562.0, 64803.0, 66731.0, 108071.0, 162354.0, 28340.0, 65710.0, 24533.0, 14592.0, 5862.0, 65290.0, 20791.0, 127377.0, 266214.0, 24825.0, 8692.0, 162160.0, 29052.0, 30298.0, 105728.0, 28323.0, 29552.0, 14403.0, 175307.0, 160706.0, 106528.0, 24750.0, 61163.0, 25665.0, 5149.0, 11301.0, 160173.0, 141663.0, 28785.0, 64260.0, 30637.0, 150837.0, 10917.0, 128078.0, 152828.0, 166676.0, 124046.0, 29082.0, 65640.0, 1257.0, 4045.0, 146140.0, 178862.0, 20727.0, 9346.0, 15101.0, 30490.0, 160778.0, 8493.0, 61955.0, 28769.0, 13453.0, 61129.0, 15082.0, 158053.0, 65261.0, 3429.0, 135788.0, 158765.0, 13580.0, 154739.0, 13562.0, 7279.0, 24291.0, 105576.0, 8148.0, 9521.0, 65235.0, 61004.0, 149557.0, 122438.0, 27780.0, 112592.0, 61188.0, 65632.0, 105911.0, 1949.0, 178726.0, 9393.0, 66376.0, 174926.0, 118264.0, 179042.0, 16641.0, 149082.0, 162925.0, 178073.0, 7315.0, 174360.0, 24660.0, 12110.0, 20059.0, 164563.0, 163884.0, 140222.0, 114352.0, 20475.0, 177550.0, 121257.0, 149906.0, 121154.0, 20840.0, 7959.0, 64545.0, 63718.0, 120456.0, 175674.0, 24980.0, 161852.0, 15824.0, 175315.0, 165209.0, 108345.0, 115831.0, 264510.0, 129919.0, 155754.0, 12407.0, 158766.0, 108901.0, 3842.0, 21361.0, 29089.0, 9355.0, 8987.0, 161065.0, 119594.0, 106061.0, 111627.0, 17430.0, 7034.0, 2467.0, 7277.0, 29752.0, 13913.0, 165580.0, 176735.0, 114962.0, 140364.0, 105231.0, 64945.0, 176366.0, 22064.0, 8611.0, 62545.0, 107434.0, 147352.0, 163863.0, 62206.0]",all
131,Trading - Large Cap,47,47,2853995437490.0,2853995437490.0,"[12124.0, 114628.0, 13988.0, 124434.0, 144496.0, 5543.0, 29984.0, 177088.0, 2369.0, 149070.0, 163610.0, 105365.0, 138743.0, 29389.0, 149337.0, 160991.0, 30822.0, 243774.0, 164708.0, 10096.0, 15699.0, 178507.0, 178997.0, 113490.0, 110179.0, 10035.0, 8898.0, 176701.0, 160479.0, 29875.0, 62374.0, 28733.0, 12138.0, 121382.0, 10504.0, 145701.0, 9273.0, 30293.0, 29649.0, 29359.0, 65556.0, 66354.0, 24731.0, 174744.0, 25633.0, 6682.0, 11770.0]",large_cap
132,Trading - Small Cap,47,47,939119089.6899999,939119089.6899999,"[7959.0, 64545.0, 63718.0, 120456.0, 175674.0, 24980.0, 161852.0, 15824.0, 175315.0, 165209.0, 108345.0, 115831.0, 264510.0, 129919.0, 155754.0, 12407.0, 158766.0, 108901.0, 3842.0, 21361.0, 29089.0, 9355.0, 8987.0, 161065.0, 119594.0, 106061.0, 111627.0, 17430.0, 7034.0, 2467.0, 7277.0, 29752.0, 13913.0, 165580.0, 176735.0, 114962.0, 140364.0, 105231.0, 64945.0, 176366.0, 22064.0, 8611.0, 62545.0, 107434.0, 147352.0, 163863.0, 62206.0]",small_cap
133,Transportation,40,86,1232097521805.0,1232097521805.0,"[119314.0, 10867.0, 28191.0, 10920.0, 4598.0, 2574.0, 2698.0, 7923.0, 2696.0, 3851.0, 10795.0, 13498.0, 126296.0, 24617.0, 130618.0, 9882.0, 4494.0, 65609.0, 5783.0, 144998.0, 100713.0, 1045.0, 150481.0, 150764.0, 30861.0, 4941.0, 6461.0, 1230.0, 100676.0, 21440.0, 164190.0, 12392.0, 11065.0, 249158.0, 1254.0, 165678.0, 152011.0, 62378.0, 10565.0, 165743.0, 165262.0, 12266.0, 175606.0, 1743.0, 147305.0, 179087.0, 175007.0, 178877.0, 174700.0, 177067.0, 66401.0, 8092.0, 160621.0, 30927.0, 164094.0, 12625.0, 163930.0, 29206.0, 8515.0, 61034.0, 65500.0, 12840.0, 147398.0, 14229.0, 1262.0, 30877.0, 162338.0, 165948.0, 165913.0, 162914.0, 140225.0, 165075.0, 12598.0, 178403.0, 163060.0, 65374.0, 61976.0, 28059.0, 1210.0, 147249.0, 20177.0, 141006.0, 160856.0, 111535.0, 11649.0, 176730.0]",all
134,Transportation - Large Cap,40,17,1033114461570.0,1033114461570.0,"[119314.0, 10867.0, 28191.0, 10920.0, 4598.0, 2574.0, 2698.0, 7923.0, 2696.0, 3851.0, 10795.0, 13498.0, 126296.0, 24617.0, 130618.0, 9882.0, 4494.0]",large_cap
135,Transportation - Small Cap,40,17,1921045779.0,1921045779.0,"[162914.0, 140225.0, 165075.0, 12598.0, 178403.0, 163060.0, 65374.0, 61976.0, 28059.0, 1210.0, 147249.0, 20177.0, 141006.0, 160856.0, 111535.0, 11649.0, 176730.0]",small_cap
136,Utilities,31,80,1876059566273.0,1876059566273.0,"[4517.0, 100957.0, 6135.0, 9850.0, 4093.0, 211819.0, 11506.0, 1440.0, 8272.0, 10671.0, 165649.0, 4029.0, 8151.0, 8539.0, 7977.0, 7366.0, 8810.0, 3413.0, 8264.0, 11550.0, 135990.0, 4383.0, 10860.0, 3897.0, 14390.0, 8455.0, 8099.0, 7970.0, 5742.0, 9846.0, 3439.0, 7974.0, 11554.0, 6338.0, 25792.0, 8542.0, 1075.0, 8113.0, 136684.0, 10801.0, 7733.0, 154135.0, 5870.0, 160913.0, 8807.0, 14433.0, 9890.0, 12428.0, 2259.0, 6547.0, 7849.0, 1828.0, 6867.0, 8001.0, 14391.0, 64625.0, 8199.0, 11304.0, 2986.0, 6932.0, 9849.0, 2628.0, 5526.0, 7993.0, 105632.0, 9324.0, 65614.0, 7368.0, 10999.0, 19129.0, 144096.0, 62618.0, 12964.0, 11657.0, 9171.0, 123456.0, 29839.0, 17341.0, 152430.0, 140185.0]",all
137,Utilities - Large Cap,31,16,1213362675490.0,1213362675490.0,"[4517.0, 100957.0, 6135.0, 9850.0, 4093.0, 211819.0, 11506.0, 1440.0, 8272.0, 10671.0, 165649.0, 4029.0, 8151.0, 8539.0, 7977.0, 7366.0]",large_cap
138,Utilities - Small Cap,31,16,10021479339.0,10021479339.0,"[105632.0, 9324.0, 65614.0, 7368.0, 10999.0, 19129.0, 144096.0, 62618.0, 12964.0, 11657.0, 9171.0, 123456.0, 29839.0, 17341.0, 152430.0, 140185.0]",small_cap
139,Wholesale,41,84,641523704061.8,641523704061.8,"[7171.0, 31673.0, 2751.0, 5256.0, 14225.0, 100644.0, 29901.0, 10247.0, 176914.0, 5125.0, 30671.0, 28787.0, 116029.0, 156155.0, 120444.0, 15020.0, 2101.0, 61494.0, 61420.0, 155394.0, 4669.0, 1773.0, 61732.0, 1919.0, 1004.0, 5530.0, 31453.0, 63986.0, 63927.0, 64063.0, 11313.0, 1659.0, 4599.0, 64223.0, 28661.0, 66586.0, 163935.0, 11017.0, 12471.0, 6617.0, 60931.0, 29910.0, 160424.0, 162085.0, 161813.0, 29870.0, 61028.0, 11258.0, 64791.0, 147708.0, 7295.0, 178973.0, 25536.0, 8350.0, 30899.0, 11455.0, 4860.0, 28399.0, 8213.0, 9125.0, 150201.0, 18582.0, 3937.0, 61122.0, 60911.0, 125995.0, 14985.0, 121196.0, 62956.0, 264393.0, 160742.0, 21040.0, 6343.0, 4225.0, 148909.0, 64488.0, 9323.0, 25406.0, 31738.0, 27765.0, 107213.0, 164182.0, 176469.0, 106722.0]",all
140,Wholesale - Large Cap,41,16,545331397690.0,545331397690.0,"[7171.0, 31673.0, 2751.0, 5256.0, 14225.0, 100644.0, 29901.0, 10247.0, 176914.0, 5125.0, 30671.0, 28787.0, 116029.0, 156155.0, 120444.0, 15020.0]",large_cap
141,Wholesale - Small Cap,41,16,173727414.6,173727414.6,"[62956.0, 264393.0, 160742.0, 21040.0, 6343.0, 4225.0, 148909.0, 64488.0, 9323.0, 25406.0, 31738.0, 27765.0, 107213.0, 164182.0, 176469.0, 106722.0]",small_cap
